sample,distance_error_m,height_error_m,lateral_error_m,rmse_px,shape_rmse_px,out_of_region_fraction
0,-0.0005157143952417182,-0.04042172232200812,0.0454927752380462,1.31015192653622,0.8873025746251613,0.0
1,-0.00676579836355014,-0.0009681364399080719,0.0258780836159047,0.6181570347662405,0.38255030885932095,0.0
2,0.08982438174003396,0.018149915806377467,0.02598258814671916,1.322310108323509,0.4354934179688652,0.0
3,0.020369592991636414,0.024793188578260662,0.004062820279943058,0.26851864730976216,0.25153493170065366,0.0
4,-0.0024482998545677813,-0.03479530630565131,0.006356719671985003,0.6072487692321522,0.48796859715373303,0.0
5,-0.03113265832551801,-0.02451989016004551,0.013361646689314355,0.4275324725518995,0.2797858163475321,0.0
6,0.016619370903297553,0.008641450964571779,0.029985421667644556,0.72654239623359,0.44229913471661275,0.0
7,-0.07693015790776928,0.03523100959055875,-0.020900578759890893,1.7592441494744941,0.9168318701771838,0.0
8,-0.033488504551360695,0.02631484208944155,0.030706034359594434,1.1610378739375675,0.6927225167140432,0.0
9,0.01492673925981124,0.0266339937749162,0.03346458566237875,0.8384190193908659,0.5700941143238978,0.0
10,-0.013649694900544688,0.017740297612287424,-0.04028695098521523,1.0620393602347613,0.6679874392809458,0.0
11,0.0037685275797508925,0.0018635714056263078,0.012186422114587689,0.2904206134315191,0.17974100017596645,0.0
12,0.028988471658600246,0.00895967484154243,-0.02951905520781709,0.7767501355377681,0.4346355106625834,0.0
13,0.007631794211068833,-0.0038705974305167142,0.014865897734332958,0.39538695316225403,0.23775539352891592,0.0
14,-0.05289518103346713,0.02740071826190833,0.027392202721226912,1.3751611402245851,0.7542579372586593,0.0
15,0.033217834669615996,0.0006456415151855522,0.01800046543374638,0.6679176878140147,0.3083811409712899,0.0
16,0.019609410981770062,-0.016672867101572893,0.03469157880809813,1.0095941181575507,0.6106960297340531,0.0
17,-0.01778943219750401,-0.011916259158499155,-0.03395747804328626,0.8212002956587083,0.5105774085600271,0.0
18,0.039131935256436136,-0.012512894257612006,-0.01849498425251068,0.9216386294031985,0.4588494470320162,0.0
19,0.06457920009924685,-0.017271115329904697,-0.006913032968772333,1.2979055710716203,0.5710012695038384,0.0
20,0.026294214718229004,0.10335123805410414,0.018277207506159,1.4448229574519607,1.2833573543940924,0.0
21,0.10129782807840625,0.038079197287987615,-0.00014400877049548002,1.1196560642184898,0.13725139780796317,0.0
22,-0.0510233480791357,0.04786420613076028,-0.001649956241821961,1.5008920845144056,0.904257749239585,0.0
23,-0.07179148548618557,-0.016910847543384355,0.004345796373129614,0.9070877979094811,0.16239440995182078,0.0
24,-0.017474929516823837,-0.00955312475959752,0.005426371054792096,0.2125151312624496,0.0964703299675112,0.0
25,0.07544765758585023,-0.012952325428217296,0.022650704976673222,1.49362042630141,0.6480628417276623,0.0
26,0.05597849001976943,-0.009442373959877456,0.020973684456542397,1.141927289576027,0.5134134494297173,0.0
27,-0.04821938748234701,-0.014774494768112299,-0.008523341920021221,0.6014741076697577,0.14478149472965712,0.0
28,0.03442336076123187,-0.03738086465865505,0.019390011617239893,1.2541611161527841,0.7545195493490678,0.0
29,-0.00783337228539349,0.02059245237907801,0.015423713296601848,0.5813675710182972,0.39365500824412525,0.0
30,-0.027264585226010742,0.0245071008273676,-0.008085038256788439,0.81945960258163,0.4863169469010649,0.0
31,-0.004673342064743688,0.01444783750168935,-0.0015435459938485962,0.31225493089208495,0.22384852044331244,0.0
32,0.0019182290512909886,0.00023374034867544916,0.033458059209858025,0.7914139535679953,0.49324482746814424,0.0
33,-0.055442303263661466,0.018146350492431948,-0.0018787018835009744,1.1232915937697148,0.526847094778208,0.0
34,0.02403429884229831,0.04156074221245924,0.008131893841757694,0.49754175412365464,0.4691037806851254,0.0
35,0.02787754266951454,0.0008111108167386371,0.008768020533174357,0.47450519126197327,0.182668527218256,0.0
36,0.008793425194578505,-0.017360084729054794,-0.02544401337128142,0.742282431369949,0.4736588709921854,0.0
37,-0.036139806190561626,0.020204658667930243,0.04617166046352983,1.3767896131169215,0.81742383561791,0.0
38,0.08194870265361248,0.012060531546378369,0.01458344877725184,1.1767976126889548,0.33023134078803107,0.0
39,0.0674424768720701,-0.033808037746083,-0.01682684867396257,1.663853775318295,0.8469689595672008,0.0
40,-0.007356169854970104,-0.06144925139959681,-0.01495582657963359,1.082045287966056,0.869137594716419,0.0
41,-0.08610791320452615,0.08072451426734364,0.017440099036489937,2.5047834181811623,1.5305548137907874,0.0
42,0.04952308685314333,0.05431113590692437,0.0058419744140128585,0.5606116921592635,0.5128304965428648,0.0
43,-0.03379806837328433,-0.0380954451467719,0.030827314033689858,0.834868769934666,0.5953147451632129,0.0
44,-0.01632116330654629,0.036992807042778686,-0.005724705031626972,0.8514866793753244,0.5928596994390768,0.0
45,0.01819365115808685,-0.025296590235231887,0.014714637252800304,0.7874991147021586,0.495618433895429,0.0
46,0.07905251740369355,0.004279460911251955,-0.006671831316311623,1.1965208100212092,0.35284886097203483,0.0
47,-0.016540455579483172,0.03145598695316235,0.008985358712500717,0.783163391690801,0.5296135676346277,0.0
48,0.006709049825211301,-0.03365584090106818,-0.005297298299065577,0.7006125674808952,0.5133076785193003,0.0
49,0.01004379940362795,0.028210259976600816,0.019610283956908118,0.586786345896137,0.4440470442399875,0.0
50,0.030758130792024385,0.008156788152771032,-0.015627796554511336,0.5276174291742342,0.2354041348318076,0.0
51,-0.09901834303865696,0.03730087141075562,0.02288908877289405,2.1149573794357206,1.0576168598419806,0.0
52,0.06585231790428439,0.0013475573708257775,0.01608078933830352,1.0887654410481489,0.3912507663678667,0.0
53,0.10752807261203279,0.04038221265675404,-0.00321706446718208,1.1913950964600213,0.15270394416982874,0.0
54,-0.011279242855768304,-0.03338673004760414,-0.04016524216865659,1.0669472553524084,0.7301859993031619,0.0
55,0.030405391488481905,-0.013917413269420283,0.016464103100668835,0.7987248668419984,0.4221548545868865,0.0
56,0.007614784012425159,0.04970358514839455,-0.009490987365747815,0.7757812299904876,0.656294969551847,0.0
57,-0.054259447730859736,0.009006644843337153,0.033894444825642085,1.2521587409631258,0.6382511914573978,0.0
58,-0.060029372226126844,-0.026573991562873357,-0.015474869899135983,0.7253079339466937,0.2571262380857451,0.0
59,-0.014750400474699844,0.0014101648084096443,0.012297987004109192,0.3831873967406172,0.20415636926274427,0.0
60,0.039236916406149076,-0.03928141805549827,0.005998714404473711,1.2786129974811344,0.7532558516550135,0.0
61,-0.03842459801053791,-0.021365793283385948,-0.009764698732584929,0.4364862075438887,0.19024557453662436,0.0
62,0.012601354983935756,-0.02658150125922135,-0.012834491535752321,0.7144954866561647,0.47545214524595736,0.0
63,-0.047555101777379614,-0.005007024824220973,0.005526029131274278,0.6869159272713239,0.1925604306113941,0.0
64,-0.07649904925275462,0.0021580691630157713,-0.012954452344046056,1.2556062301582622,0.45888483449670214,0.0
65,0.004252172061413569,0.007817166999850734,-0.016246528283007045,0.39322949305124466,0.254440532984603,0.0
66,-0.10308169038854094,0.03666407712599101,-0.012125395539160816,2.1190584012945126,1.030488490312367,0.0
67,0.06706016182496952,-0.007072840490884826,-0.019193741405502205,1.2519995757410542,0.5165969741348229,0.0
68,0.03387218638920713,-0.020764099981771353,-0.0002888063295120907,0.8632893014921447,0.4582754397484382,0.0
69,0.01450823545489596,0.027785509306927567,0.005930383841249427,0.34967094607875704,0.32449248982537604,0.0
70,-0.01395354150430339,-0.01571177265655391,-0.0037027543068319647,0.18247801161715502,0.1624528463515949,0.0
71,-0.07719094571022002,0.037507767546297054,-0.033317605213498476,1.8900473400255926,1.0199681968059808,0.0
72,0.0581504815443666,0.0428519244010801,0.0020047572623177494,0.5347964150924956,0.3169407777690265,0.0
73,-0.07086471936501619,0.017765702129999648,0.0114459595354616,1.376482222176075,0.6220219730257334,0.0
74,-0.04783987792473484,-0.03245429264415242,0.00961035983263176,0.49471081427130664,0.2723219138486748,0.0
75,0.003886288334988472,0.05747865636840076,-0.0063686406916529815,0.9247508999758893,0.7690808843399033,0.0
76,0.055345548523476666,0.08424134226258141,-0.0038524953880096063,0.8819771219710917,0.8746672433567408,0.0
77,0.03369133117810385,-0.005016009722704965,-0.021680218811992336,0.7951315956733372,0.3981324780398368,0.0
78,-0.03541516326003522,0.02457074102252289,-0.0125923767113367,0.9639137496911391,0.5451983730614811,0.0
79,-0.10831365209439975,0.03514640680002689,-0.004614584378895483,2.1601599667061935,1.0234808270884455,0.0
80,0.0447806620043201,-0.041506972279883744,-0.0056622582658740215,1.4022342159920151,0.8116247337717072,0.0
81,0.025668753253776357,0.012504470949378288,0.000976351595862611,0.2600495574021287,0.06080706940259806,0.0
82,-0.0735563002752732,0.027186961500191488,0.00029361689574886523,1.526682803091663,0.739346849227096,0.0
83,-0.1036851521893733,-0.0071813783720987194,0.002239566863400465,1.514995664623824,0.432354836110058,0.0
84,-0.054101463961707376,-0.03187583082129635,-0.001333429768385835,0.5124111483750577,0.1975438925991468,0.0
85,0.026975917123735007,-0.03167944188889086,-0.009949868439926282,0.9780940056498205,0.5974405426422945,0.0
86,0.0453830509157296,-0.01378713041434476,0.014668747442118829,0.9916395767849335,0.47045646691748416,0.0
87,0.04739942067746489,-0.05495168142152934,-0.009200793567187506,1.6971792713706595,1.0234370614070347,0.0
88,-0.059428476309092274,-0.03042799687820581,0.014395755792039713,0.6801344519866798,0.2670248019159387,0.0
89,-0.03581823366717254,0.00019929306669924402,0.022332073219389462,0.768545843722909,0.3779636437248799,0.0
90,-0.11068202675668322,0.00766475669984274,0.002636198359148759,1.8186228916208365,0.6662767545600725,0.0
91,0.05978861968409404,-0.01635861728022983,0.02161442652384476,1.3047579479971596,0.6145084006320242,0.0
92,0.027360182665739825,0.03521672321629509,-0.0026072254632694154,0.3638016359231205,0.35496999666806295,0.0
93,0.01470054328297634,-0.04021087535365974,0.04666941371088248,1.4573412926335472,0.9469567125573433,0.0
94,-0.0274129258051162,0.0013364572484291025,0.02149657866828157,0.6745692447286795,0.3540361703532204,0.0
95,-0.022268203450013433,0.04412868328769492,-0.0030924664849320063,1.039316962888721,0.7136020589808892,0.0
96,-0.002475358611494751,-0.008206912475614232,0.0009241767891490796,0.11602119223273283,0.10343129986119605,0.0
97,0.04374622206425254,-0.045471747128690614,-0.008496585765035815,1.4661635609606443,0.8684145505788912,0.0
98,0.015598792172725948,-0.036694532243258166,0.025882759732366423,1.0714935420379965,0.7089005211288971,0.0
99,0.008417388177395022,-0.02714046811205979,0.01244080591443358,0.665606148953391,0.4615742945584142,0.0
100,0.01432512143075428,-0.008743664050325294,0.014739761446705602,0.5035361756162393,0.29082226434329916,0.0
101,0.08193850328084072,-0.04029118920488323,0.003421820024523487,1.9582093220353265,0.9748332310160235,0.0
102,-0.047700971063295204,0.06418948403292521,-0.03532455223139636,1.878298104143166,1.2161029065894677,0.0
103,0.02318161216402638,0.034665454191482266,0.004285993748115184,0.38052683275378496,0.37034864584519595,0.0
104,0.009114166655339045,-0.02001030965589366,-0.008801094684937899,0.5219649839085819,0.3504837173782105,0.0
105,0.04072197899645087,-0.017018958729646625,0.043167236394167904,1.3775157192909913,0.7749924834184658,0.0
106,0.033642269650034605,-0.019464053607108404,0.016352846120982322,0.925161759794144,0.5012112199307627,0.0
107,-0.02496837765771524,-0.03789875704833369,-0.018122033258919132,0.6027369394474393,0.49513260297804484,0.0
108,0.03961548502865359,-0.0074027143484423725,0.030086307021761162,1.027798046374909,0.5354243464235557,0.0
109,0.052781749725185984,-0.0009625996440773403,-0.017780311142030915,0.9458432635402383,0.3814242384264376,0.0
110,-0.02454346790550443,0.030783079527826284,0.01578900680042929,0.9321296738076524,0.5902927154797372,0.0
111,0.026433757476825727,0.0073993820159092335,0.003924792921139824,0.3320666874844552,0.07191044168533946,0.0
112,0.033451696429372936,0.029710062624261936,-0.020452988756754383,0.5754352175077949,0.38892670338796137,0.0
113,-0.0027984251412436364,0.085044338804303,-0.01579381829783397,1.4719885032652817,1.1806002468640584,0.0
114,-0.07533054094662316,0.009080141637932746,-0.0065442518369546,1.305120918515891,0.513235197283563,0.0
115,0.0746517384822828,0.06652106589671747,0.031026143518151736,1.0115423753722597,0.7086292055616312,0.0
116,-0.021829590894299745,0.048571060690822315,-0.0026560392588478167,1.1027511619533572,0.7705294931522575,0.0
117,-0.049994068562623034,-0.04359657019621609,0.011015337656246365,0.5418834978772686,0.41170920305009157,0.0
118,-0.04869381533452674,0.0019923696833413843,0.00421048603539738,0.7929376096158002,0.28014651800339274,0.0
119,-0.0018821326711179625,-0.008608637424304861,-0.006151133763596891,0.1937838580059869,0.14356017125960618,0.0
120,0.007621763829025994,-0.0005261704673456204,-0.019528881392276227,0.47946738684287327,0.291408719732376,0.0
121,-0.054737212253112705,0.025304477780914846,-0.03573627898889297,1.471033556961922,0.8114906895092793,0.0
122,0.044169719286991226,-0.009270273814324399,0.0058486754554450465,0.8472584383986266,0.3593303497848075,0.0
123,0.03694628413705514,0.059386191542764415,-0.04252065727459638,1.1708359396654031,0.8787074657148399,0.0
124,0.030179979000924798,-0.021243936990433785,0.01015941343892764,0.8503119913527695,0.47142215813095867,0.0
125,-0.003383232167645068,-0.02005013229423156,0.010483523771043127,0.39909033746849315,0.307093051662789,0.0
126,-0.0007196207180565408,0.0022920263936195536,-0.004248621233460531,0.11175737869626091,0.07190410197157737,0.0
127,-0.014239305684282201,-0.015649961732715535,-0.006532334546381013,0.22230792176995984,0.17919733964183412,0.0
128,0.00953519603839285,0.026573258448349506,-0.0041136699702982605,0.3583930460414035,0.3255667003061611,0.0
129,0.11636839216034658,0.02616547571711843,-0.009591223676935951,1.499347374061935,0.2865968436596471,0.0
130,-0.006135329512253486,-0.046666513427359994,-0.005458439596335863,0.7701953168401143,0.6362729845023115,0.0
131,0.038317113323152185,0.02831184418669297,0.008310882684392838,0.4013525295015282,0.24264841855183045,0.0
132,0.09419109780952341,0.011872654988026877,-0.0013535324581754372,1.3200430985602283,0.31592021363281797,0.0
133,-0.06738990309893193,0.0191115913399977,0.018144426076962508,1.3826219905841093,0.6561938727225849,0.0
134,0.1398828749692411,0.07345517705452205,0.032700459243339454,1.5774710110402568,0.5957534166415337,0.0
135,-0.03702741379913546,-0.06268903411888518,0.00269450241067562,0.7319490367666984,0.7140483314049518,0.0
136,-0.004147097912538326,-0.020024362461081493,-0.00200000914778794,0.3052591907614188,0.26223475758207476,0.0
137,-0.011528968498787867,-0.06283657215276339,0.027229027361980306,1.1940224450944088,0.9346141137698988,0.0
138,0.03148428150676399,-0.016799376259078496,0.006043077413046739,0.7730977450509343,0.4007621328810624,0.0
139,0.019593094900885708,-0.016344644844459466,-0.017454620539246363,0.7058308315806062,0.41551551620880833,0.0
140,-0.0234260748860439,0.03385061860076663,0.01024599920985307,0.9211115757331901,0.5983718323674885,0.0
141,0.03847485459614202,0.0404886629448815,-0.007535896452696822,0.44468249847529373,0.3879937593448519,0.0
142,-0.04004230927212607,0.025735877158687394,0.020702205572882264,1.1135186528563377,0.6297155328212618,0.0
143,0.0336533124348258,-0.04231066990626128,-0.0326824925689605,1.4727087989146805,0.906477972906245,0.0
144,-0.053041553113487155,-0.04668197258569813,0.012756343672904352,0.5898291128621763,0.4496026981256686,0.0
145,0.07416534186454421,-0.05102928533733229,0.016794325886275142,2.0685445632789055,1.1179247117227433,0.0
146,-0.010163287472111359,0.011160222087241066,0.015431265153313785,0.4922606547637738,0.3053526270259378,0.0
147,0.03659550685702916,0.051547260932769,0.004833796177922204,0.5444531880547842,0.5335358753151451,0.0
148,0.0176502961859504,-0.017704184118207244,0.007792682628682963,0.5931615152807505,0.3541632755812338,0.0
149,0.014332435630272583,0.018877249289039773,-0.0011494678847177393,0.1962161752272972,0.19287044979089535,0.0
150,-0.07814283944632483,0.016647963316615864,0.02174452045124451,1.5302524805005473,0.6984289213579288,0.0
151,0.08462751871234869,-0.03749609522114402,0.00093978249597661,1.9499709679829023,0.9469856760511295,0.0
152,-0.0646187298193015,-0.020844973013499603,-0.004660229563067369,0.7562915617123301,0.11232842409768339,0.0
153,-0.055259070049687956,-0.011995001109220041,-0.011847318332437825,0.7591827436754037,0.21665598286334764,0.0
154,-0.0669061207523698,-0.008596029318877844,0.018333556215642813,1.0227790186671424,0.3539746799297771,0.0
155,-0.06546648099584017,-0.034587982732655106,-0.01806392856890078,0.7711341665529425,0.32950937955056314,0.0
156,0.09187051610241265,-0.01640649789521166,0.02070654134854951,1.7803079774232209,0.750045362721321,0.0
157,0.03186005801298352,-0.002115717579095775,0.0020070789822383495,0.5337206665579104,0.19119893688699038,0.0
158,-0.08495392151294115,0.008327116023385707,-0.020954699258818793,1.5132791184998273,0.6252140266191516,0.0
159,0.014223591761670658,0.010734557485073622,-0.013213237842156564,0.3375489264129591,0.21035818783538712,0.0
160,0.029125045917905646,0.010624694051432926,-0.002241105703129054,0.32916632118391626,0.050663409339646484,0.0
161,0.04061660673632424,0.037265249432034506,-0.01340412606096256,0.5022928156053689,0.3738371513996251,0.0
162,0.016081259132797773,0.015040059354603733,-3.0392895747185443e-05,0.15730613097321944,0.1317011785095007,0.0
163,0.008039305962455816,0.010815979956026059,0.014517345817875312,0.3597433514630359,0.24035534728508282,0.0
164,-0.022455608011047824,-0.01620267997783178,0.02175008237576212,0.5553620834204055,0.34516224540137935,0.0
165,-0.04585152366463629,-0.017730140462060326,0.003304427187721889,0.507344217155829,0.08120869261804395,0.0
166,-0.03307870940761156,-0.04322089031734499,0.008852978292172969,0.5022863448701046,0.4703403274550419,0.0
167,0.09672219986777064,-0.020661897621250015,-0.0008423105957982019,1.8557640295596456,0.7689458706754887,0.0
168,-0.04511349357474836,0.01402842220244075,0.058102715219534265,1.6273287140964543,0.952020162104937,0.0
169,-0.06633408837808062,0.0062133768067503614,-0.02066320521139428,1.2171424721830115,0.5191853986431774,0.0
170,-0.0196911800993619,0.033729881412112986,-0.047682427867085854,1.384890174339603,0.8921898317312669,0.0
171,-0.12738346402096845,-0.0759025054983292,0.012237502484074693,1.2321437179193022,0.5196845101094415,0.0
172,-0.017269446829684013,0.06850887470426671,-0.015476996892668718,1.398123882696947,1.0362989222570154,0.0
173,-0.012937031474260424,0.04393459850414449,-0.020218603664428274,1.0199919499810017,0.7258871502845693,0.0
174,-0.01236821550389833,0.0032830662398833418,-0.0033937520312836496,0.2545292653059339,0.11820894328333491,0.0
175,-0.11471014037939341,0.008645551444058267,0.009896327609397732,1.9058625363241475,0.714149380824602,0.0
176,0.04412630471713725,-0.03009403730167319,0.03629461577293295,1.4731231284793167,0.8376045832168741,0.0
177,0.03784449514018962,-0.06284150936418807,0.016108950450812294,1.7309013550257717,1.108617071034023,0.0
178,-0.003976524829505483,0.047702162675257564,0.01395898843330608,0.9102136171428962,0.7007225280101651,0.0
179,-0.06506664175862217,0.0740589894925255,-0.0019273789927651281,2.0858339886641923,1.319407188611714,0.0
180,-0.024928548864652022,-0.01816933106576105,0.00875049914872164,0.3081712816505425,0.18873950328633252,0.0
181,0.05653295529498854,0.007368145760973802,0.0032376892293299224,0.7911371793684446,0.19276830984246784,0.0
182,-0.04540727222066566,0.02994725193358987,-0.01454763736677588,1.196444641780293,0.6702702447574912,0.0
183,0.01965039609042886,0.015653608295746163,0.009225012384685174,0.2826674125428314,0.18319932914916448,0.0
184,0.09436223192251882,0.034648705880842894,-0.004527695113938362,1.0564279343770808,0.1414484849363151,0.0
185,-0.053164748009252465,0.03669280707029827,-0.007726510574823562,1.375410871372467,0.7733327481574129,0.0
186,-0.04887301605926328,0.03951032091999544,0.0071106296350796705,1.3535321431388692,0.7883819714072454,0.0
187,-0.07503763128068121,0.03426950043819388,0.006521865381265095,1.6576920631108185,0.8472946891441576,0.0
188,0.0026013837865518866,0.029817883169086967,-0.024507096605806553,0.7431132168999728,0.5344191956658324,0.0
189,0.033747978411596505,0.018846339745245314,-0.0038731177983497055,0.33784300302567677,0.12053192631068448,0.0
190,0.0020303527134832916,0.03571324895124256,0.0014307520425039628,0.5812721332933112,0.4807543764189821,0.0
191,-0.03202521940526088,0.004366943772187629,-0.01648140599412483,0.6821010601597001,0.3286090177206447,0.0
192,-0.0338298422886479,0.011832865441107909,-0.02699846520085732,0.942282263232693,0.5176857745733372,0.0
193,-0.008252908412390124,-0.048572927580325165,-0.0342602118012079,1.1298165622669658,0.8278047291774049,0.0
194,-0.15046482702001626,-0.01093474526072181,0.020982985819305914,2.236886423971784,0.6966339924479609,0.0
195,0.004599128014883896,-0.0127218316599969,0.01659421994830181,0.48721325103803603,0.3171132149435974,0.0
196,0.094325294490477,0.01428956728882191,-0.0033349862030318477,1.2917084810868504,0.28958252729935136,0.0
197,0.030117347370397524,0.03632287813366291,-0.01604424240554628,0.523776655492217,0.42448413038588934,0.0
198,0.004398968214315953,0.026151072449344157,0.02516306089721685,0.7069919216647566,0.49969152300737374,0.0
199,-0.013053142080001343,0.006687182099819483,0.03729901828474352,0.9280142387579755,0.5712416345322352,0.0
200,0.06319929231961778,0.025396686192864608,0.01698302541049565,0.7917993708733032,0.26397532631769083,0.0
201,0.025243757470942013,0.03234577078937949,0.04621396207885741,1.1291267365650712,0.745564840452024,0.0
202,-0.05052777797487556,0.00671933090038604,0.0034126825653473607,0.8853486450407133,0.3499896034519093,0.0
203,0.09559385098477555,-0.006621607502462187,0.007734702402835797,1.6230285278471837,0.5798992551588324,0.0
204,0.044762214891563235,0.022701786499042753,-0.02035538140496618,0.65467085410227,0.3171964941710949,0.0
205,-0.026109984774447693,-0.04651446058665652,-0.004903732911271553,0.5589264403061898,0.5368623904889809,0.0
206,-0.022275645105575635,0.018670851539797854,-0.000851105105383009,0.6326667862207901,0.36763875687490094,0.0
207,-0.0057906342785181,-0.020696853847952387,-0.011519452146000841,0.40293554566334916,0.31309139561027444,0.0
208,-0.07060399236126351,0.02721759004554379,-0.020684461838506755,1.5574595146263335,0.7859087897133967,0.0
209,-0.026633033964996517,0.0021216117627599175,0.023061858975098003,0.7018199817362036,0.3776398207403098,0.0
210,-0.055899289684166555,-0.07204829156381039,-0.011043752232380305,0.8104986493743507,0.7767514158308481,0.0
211,-0.021634131466270887,-0.000821002700398712,0.008006970414413218,0.3773754263802582,0.1538113640733087,0.0
212,-0.015113810442661892,-0.007063625321065942,0.014265565258954543,0.3711622642672962,0.21358387751359112,0.0
213,-0.08720847762631317,0.03613424269437008,-0.0017595055612838592,1.8585677979893278,0.9283514873739261,0.0
214,-0.016885346794310502,-0.01722162887180378,0.022320351925020628,0.5589965434017482,0.3684640125908328,0.0
215,-0.06591160263488453,-0.017549701857858216,0.010733832604562968,0.8429531612964402,0.19783377655086892,0.0
216,-0.07808481577224236,0.029449908441321376,-0.016490195040393292,1.6704239564034595,0.8286607368113161,0.0
217,0.04295038928006376,0.03380431292207546,0.001197177108786448,0.3960715849575532,0.26346211497152267,0.0
218,-0.01224201036802112,-0.0006059256397280774,0.010943768661712365,0.3165293644694795,0.17027261103692104,0.0
219,0.04658170543665558,-0.0006463017765731298,-0.017829116585464655,0.8555828373553698,0.35710757641622604,0.0
220,0.04148058206803528,0.023285135691826317,0.005692199072078045,0.4211638657779828,0.15593699988217571,0.0
221,-0.02092075593556094,0.02982607338049779,-0.027995694551281515,1.0230534811424603,0.6556267682511433,0.0
222,0.10424101737157412,-0.03421156534354859,-0.00855712651552325,2.2163722601538662,1.0051240424862888,0.0
223,-0.03647093999600801,0.035982195881949446,-0.012728208304889752,1.1483067600509436,0.6977559509835524,0.0
224,0.001965387551320312,-0.0022289255692020307,-0.006447345776847533,0.16638619898793588,0.10347435438644069,0.0
225,-0.033508009815532404,0.022958362267929203,-0.016049168182485474,0.9423318072556067,0.5360254013708756,0.0
226,-0.046313521747067696,-0.01416876447255651,0.03176330353879546,0.9266032962753293,0.4775709827941762,0.0
227,-0.05747502090449289,-0.0006273145208846067,-0.03854694148939742,1.2647756169092172,0.6373937091220114,0.0
228,0.06323305031444984,0.0312556184271352,-0.016256670455860357,0.7417405142576393,0.27905484542053116,0.0
229,-0.08409658702983983,0.018316560837335735,-0.007050852255184884,1.5677425717458409,0.6810761812767198,0.0
230,0.007106342153886393,0.04001967160123023,0.03389688219683654,0.9844438061114295,0.7114260956829367,0.0
231,-0.07831551320264107,0.08749446927425401,-0.001064478260017854,2.46123194337617,1.5590373112369205,0.0
232,0.06767076220248652,-0.0023478199005550027,-0.040129334558906715,1.4624094772270204,0.6959364376277475,0.0
233,0.021472830997438186,-0.009836028478858599,-0.005071002469435573,0.503927170397907,0.25475926369535973,0.0
234,-0.08902681612621344,-0.00900147303579982,0.010773594742579454,1.289465654507848,0.3691686863556303,0.0
235,-0.052349870202805876,-0.040713372939924115,-0.009565406822019076,0.5312446754981954,0.3558196355154748,0.0
236,-0.07969460395348188,-0.017319811074568932,0.006349139974680737,1.028416933989929,0.20496161767332421,0.0
237,-0.09957602366980389,-0.03520081125192357,0.028773211424181332,1.3105903436228206,0.45311512013218946,0.0
238,0.031232673382157208,0.006641924268136453,-0.01214637391939443,0.4940727628692966,0.19220401632148462,0.0
239,0.07163302685697774,0.024757726347477985,0.008141430154237583,0.835761438360684,0.15094514439021867,0.0
240,-0.013733593934114689,-0.025483043252762596,-2.2220986237226066e-05,0.30012732831729344,0.2914158446011527,0.0
241,0.006279154647097611,-0.046404887836795604,-0.04604737698215058,1.4445057425876724,0.9747791130906411,0.0
242,0.08923553704539419,0.013278582743930742,-0.0021241055872628194,1.2236755317492853,0.2749624066067557,0.0
243,-0.06589935336821884,0.017148119992495343,-0.01102135847289997,1.2920185855823918,0.5881572117570036,0.0
244,-0.014244155520114543,-0.03181188542795771,0.0006863320249468128,0.40158357735407374,0.3789070242053186,0.0
245,0.05165189990446725,0.0630516404713829,0.032081552767475256,0.9745173942387594,0.7652943264594014,0.0
246,0.027872111922495776,-0.012391261915560316,-0.0036360953705650545,0.6362309634804646,0.3155983919363638,0.0
247,0.00499819795357366,-0.009092469388498562,-0.006612538465101116,0.2766036981113705,0.18027574858722015,0.0
248,0.016597347690173785,0.019288204986289265,-0.02603146892191224,0.6415227478819842,0.4239964391950239,0.0
249,0.032091209386155894,-0.014200142933209944,0.010328049230441812,0.7666220235563694,0.3885174093400387,0.0
250,-0.0030507571049176035,-0.0275707183943898,0.017577049668165416,0.6158149804967686,0.4556340574259163,0.0
251,-0.05586598306906945,-0.009097598589981767,0.0049845443468595554,0.7601022719776259,0.179716043905577,0.0
252,-0.04134427366218024,-0.010853137137362094,-0.028641452622730542,0.8441701130042442,0.4320465542079334,0.0
253,0.003483675824638889,0.031901514459033,-0.009594323314123788,0.5473693300610574,0.44414398831623547,0.0
254,0.047779321803799395,0.029372923162615115,0.004472246342706662,0.46057481565682273,0.19529824147878394,0.0
255,-0.048447924088767226,0.019040823426646227,0.008389373365470467,1.048107206572425,0.5180022923548139,0.0
256,-0.04547381887133453,-0.02240005566665408,0.009574814644547368,0.5096677143562746,0.17989605541465417,0.0
257,0.004359329748193114,0.05186566213031366,0.011216034474265574,0.8568973312360004,0.7052694481694649,0.0
258,-0.05117420502129369,0.026298147388738518,0.015602773123344507,1.2328713095243085,0.6562113294173169,0.0
259,0.011576607961936675,-0.004091874032487168,-0.009637932930505735,0.3340630546828134,0.18248573996992126,0.0
260,-0.023684974360251288,-0.030604710355125256,-0.01870958929860853,0.5496571213457339,0.42230054127113564,0.0
261,-0.016159879827713594,0.02828343034725587,-0.011232350753925799,0.7455035725224516,0.49611561348730526,0.0
262,-0.024173789869792125,-0.04129734695220849,-0.0025916983443179066,0.48013766990484774,0.46789359045200896,0.0
263,0.00290760418217028,0.023416927050150593,-0.017588949454717836,0.5496294525649714,0.40173722081577967,0.0
264,0.06948234298949856,0.0052207203370236675,-0.01969794061413891,1.1240593101208207,0.40107271041593456,0.0
265,0.04008041917509236,-0.0507531079555363,-0.002871124387647663,1.4940676702634943,0.9181951014648281,0.0
266,0.011082166673259196,-0.01383593315429262,0.011506904799392061,0.48379840328978907,0.3008631811753517,0.0
267,-0.04396965157947708,-0.03301189254598205,-0.04235999438435605,1.086658082640992,0.6846722410751778,0.0
268,-0.04292994997585335,-0.03322304637681619,-0.038028318497551894,0.9883225982351872,0.6280909737010525,0.0
269,-0.06540989130206847,-0.02799669923610051,0.004853438060327018,0.699673032952907,0.13369650086863985,0.0
270,0.058897805322952794,-0.012972402713223962,0.010774912747069225,1.1567889141304826,0.4995497591157643,0.0
271,0.0325167725586861,0.030369636861946245,-0.015063491745702179,0.47461465683180276,0.3428432851240769,0.0
272,0.01608289692232231,0.02364851829253903,0.01415239599939049,0.41550390310885615,0.3234870624522658,0.0
273,0.016993663677123082,0.02686572501764431,-0.005274955575935035,0.3158432440958054,0.2985551137584738,0.0
274,-0.031484714590682084,-0.04781997199713632,0.02362799672429862,0.7773349304637849,0.63395471275449,0.0
275,0.029414440567215677,0.002780545275214768,0.0041625815143824475,0.43464799988938785,0.12680408916352923,0.0
276,-0.008530251791980444,0.017100472606928842,0.0036289373975317814,0.41676443362222976,0.28309057647967667,0.0
277,-0.02300595086096969,-0.018800951970013555,0.004410377205859833,0.237309911415752,0.1673633077280461,0.0
278,0.0027878165083698035,-0.033921776797468245,0.0005376766336196791,0.6403995308953289,0.4918232189429897,0.0
279,-0.04148356130919194,-0.029271042017810035,0.042021876627058426,1.0696343297805584,0.6647730411979925,0.0
280,0.01666108052819349,-0.03183254974270435,-0.045559602812449855,1.356994931087901,0.8613016725405418,0.0
281,-0.12319630780532871,-0.026126092585311934,-0.027342863435900866,1.7037457231937345,0.5033771155274495,0.0
282,0.012862998482711805,0.0476707518082387,0.00019824616081750787,0.6538421852637744,0.5893665161135926,0.0
283,0.022582341564919627,-0.006712926973353869,0.021585815157695004,0.6872922650916039,0.37908491051937154,0.0
284,-0.08050528658012543,-0.01365253697713694,0.0045988065028144684,1.0799457478878012,0.23979421755021232,0.0
285,0.06026489240770508,-0.014439934292267594,-0.023845837305329295,1.30565403836177,0.6119622828542969,0.0
286,0.011213036882622339,-0.01682352453514958,0.013765907476965935,0.5590579966621823,0.3551163727785474,0.0
287,-0.046852619903614036,-0.03811620077238873,-0.0024425272413704426,0.43697269955394336,0.31623069870521914,0.0
288,0.07781933318524091,0.02751533920254652,-0.010478652534005647,0.911549707396797,0.18291864513974407,0.0
289,-0.02223891166977328,0.004333135465380998,-0.01059418940794481,0.4796733054245193,0.23170208081393714,0.0
290,-0.028369393896054848,0.03554955950397659,-0.0046271078337747915,0.992905634165646,0.6303503949773067,0.0
291,0.028667019206357437,-0.07496558759113779,-0.013284363151764391,1.8106357817002146,1.2309357876993046,0.0
292,0.02972259770079831,0.03542677765378862,0.005246893017250328,0.3772401529878157,0.3530845276794739,0.0
293,-0.05622130192234908,0.001359050922204493,0.018814987423108453,0.9968904239703694,0.4115264239889244,0.0
294,-0.06157719197037981,-0.009737476496015347,0.025743291737908285,1.0277933792307692,0.4250819784279653,0.0
295,0.05754134835166739,-0.059742770516941,-0.015282695395767753,1.9645291099652338,1.1567034655888868,0.0
296,-0.03705622907262339,0.05613415694699985,0.012499824889989231,1.4567384106878865,0.9622308303792944,0.0
297,0.010286395997145073,-0.018363661507526635,-0.0016338690184843525,0.4671969546340294,0.3086979005341389,0.0
298,0.027189145601057514,0.014646424405382667,0.04939403696463542,1.1945629202216288,0.7267412232292871,0.0
299,0.10398605710056337,-0.014266139029734268,0.012779825112751157,1.8932972447891827,0.7399680780952627,0.0
300,0.054792534422514395,-0.008751340337343093,-0.02336338989416191,1.1422654660664524,0.5235278795121813,0.0
301,-0.012184200008604137,0.04420748584851853,-0.011013980564201163,0.9365283431349841,0.6828977852190659,0.0
302,0.010007674550317232,0.00873449287191478,0.017539547373872432,0.4241879143634696,0.2678696516173167,0.0
303,0.051306021492554046,-0.010813107132303401,-0.021866783683069636,1.1051801874746747,0.5182170715996725,0.0
304,0.04521608616480355,0.02034029325747501,-0.03786933455015611,1.0092845458692847,0.5584592293358858,0.0
305,-0.07337766523750641,0.04112154849171525,0.0031193875436615476,1.727096817993256,0.9263663812718249,0.0
306,0.026423030945068184,0.019334107075885894,-0.012450101220707053,0.379757542252909,0.23143336995491223,0.0
307,-0.03407818895631357,-0.03990430352564629,-0.023037732731036323,0.6878768606339954,0.5281589258353044,0.0
308,0.056368922437037665,0.051283465151221654,0.022482559722051904,0.753664061450785,0.5418160792262492,0.0
309,-0.037916888402254566,0.03191342205035466,-0.0023783072516146996,1.0698127064680503,0.6258481267270755,0.0
310,-0.013536464038210454,0.039906246244953196,0.036520004991557574,1.19818114627213,0.8106218649588781,0.0
311,-0.0019078377251259796,-0.021690697984143945,-0.00259905595646154,0.3635576383012595,0.29750901979537553,0.0
312,-0.015806994775899735,-0.09015480777855096,0.035122140581475614,1.6998948849269069,1.3335254117182285,0.0
313,-0.031033806369893915,-0.004760642360153209,0.012186596989951,0.5097931964731302,0.20371228326050367,0.0
314,0.044976307754448774,0.0005633805686041361,0.017771946701961458,0.8177195694884578,0.34032932358013157,0.0
315,-0.005871643959764296,0.012397667971152984,-0.025047837378367514,0.6564350350095508,0.41880953014720024,0.0
316,-0.12813534411432664,0.04816566945060012,0.013568530799253088,2.6458419037897674,1.3091805724701084,0.0
317,0.05518105249977967,0.01700190636247874,-0.004295205818873323,0.6563225774162461,0.10079804213289399,0.0
318,-0.04596837495096074,-0.057481554271957495,0.001525277648751766,0.6030680287768522,0.5948537270800579,0.0
319,-0.04851162018991132,-0.019275346670460068,0.003447726577515829,0.5317611222606479,0.08793662203492758,0.0
320,0.009269198944188666,0.027305365692189665,-0.011591409638441685,0.45031678451395796,0.3718638231493307,0.0
321,0.02475237283372564,0.024651213752241885,0.0035656268962621822,0.26563376654875726,0.22823759269888685,0.0
322,0.07433966475319302,0.042675895905230445,0.015429680062978502,0.7983299239621492,0.3319109941066351,0.0
323,0.051444531894015634,0.04227216742871071,-0.0014940399304300353,0.47839642820047124,0.3381409722363153,0.0
324,-0.016856108613423494,0.0041725291030436165,-0.014174782374696878,0.46512711576762766,0.25256535774219374,0.0
325,0.00664225846668198,0.0026534739972001557,0.0031594002255478353,0.10362471818365745,0.047540396042623737,0.0
326,0.008690990735069007,0.03166544434645872,-0.010771175021185532,0.5042069900445615,0.42341427376718427,0.0
327,0.027914577596631025,0.007128261965529298,0.0018616518633584479,0.3474075294115204,0.058480446678851335,0.0
328,-0.012559443818613403,0.011702866680579063,0.029634928783277954,0.7907201402434691,0.4896216866042428,0.0
329,-0.0891244209621767,0.0018968852759662425,0.018072615647395172,1.4708992246604697,0.5478301880060468,0.0
330,-0.05267424584151109,-0.036786405547732395,-0.0013294342530211529,0.48235395633509404,0.27005987293451855,0.0
331,0.07128056122421177,0.0080531365708499,0.01058410668488042,1.0412603388993549,0.2948816000435439,0.0
332,0.0030494127468070906,0.03865860121047458,0.005434169464366327,0.6294671241268501,0.5212203291898723,0.0
333,0.061272529937045676,0.02538086581697577,0.0011665370364153335,0.6556279767690731,0.09805861545311463,0.0
334,0.05018547529461418,0.04114148955436571,-0.012811310550099967,0.5532383311135154,0.3767219663533267,0.0
335,-0.09294507552691972,0.0055648045327386115,-0.025001432125244118,1.6247380620902339,0.6603075426737242,0.0
336,-0.07327998981117244,-0.01494614254915344,-0.0033332335865558626,0.9507732228384972,0.18516699455337232,0.0
337,0.10420912986157443,0.030230799964532724,-0.0040734877428964525,1.2498624298402834,0.17149496753313986,0.0
338,0.040245628269739236,-0.04320010670114966,-0.0021770404453878675,1.3575665282927187,0.8097809135168188,0.0
339,-0.0991807379848453,-0.030768925231590052,0.03753446717210222,1.459669899468123,0.5823906691857075,0.0
340,0.09448284156130522,-0.021133135057563986,0.01023986919568287,1.84443583975437,0.7790920263856171,0.0
341,0.07150249541219755,0.014056156275957774,-0.006607479190076486,0.9478711313568785,0.2021551811934573,0.0
342,-0.05691763639246542,0.037168093940268446,0.022728023864755618,1.5185263722200208,0.857019265372394,0.0
343,-0.02088521850734186,-0.005946290784839409,0.031861937142419125,0.7930164773034242,0.4729192063468696,0.0
344,-0.012352536256993975,-0.009677344675936625,-0.016436569075863498,0.4056367712241986,0.25530051258896846,0.0
345,0.10481412685840684,0.03352431266793988,0.03696984620585191,1.5010270763328057,0.5523885871234121,0.0
346,-0.0056383488668715325,-0.0295683799100096,-0.0011925487416628452,0.454779617517518,0.3889725994453945,0.0
347,-0.012496887557193033,-0.02098133380028203,0.005710467091622764,0.2738565085028713,0.24873527353944166,0.0
348,0.0723241487714092,0.004868135425665043,-0.0047204726581278845,1.0767813933796588,0.3057169142375354,0.0
349,0.03437847591742994,0.03752025249476548,0.0017375909288150258,0.37937753022140713,0.35229653693339935,0.0
350,-0.004340370711691621,-0.08215516684897925,-0.0025044384799410434,1.4559363016701847,1.158912203621077,0.0
351,0.02549657086748482,-0.018994099215709236,0.024119435148012576,0.9112654765187346,0.5303330201929094,0.0
352,0.016416618077506964,-0.004503291021879741,0.00014677242998183,0.3252495849113226,0.14426124402008658,0.0
353,0.10578227172527904,0.054110871603819305,-0.01334624131754962,1.0971710003361166,0.32972184639715924,0.0
354,-0.0375299128819382,0.014988887047682066,-0.0010458089362699007,0.8044628161520306,0.3935847471524583,0.0
355,-0.06852637889498955,0.015381472443884782,0.0019065161003541265,1.2819630746073825,0.55539726921818,0.0
356,-0.09511589275975134,-0.025042835360234734,-0.036211473674413255,1.441505559186008,0.5697582630914739,0.0
357,-0.042130754893598646,-0.04415219595446152,0.009460931646412823,0.5065021986737926,0.4448667541977381,0.0
358,-0.03748170486833706,-0.07472583711180117,-0.025766319180622093,1.1231744153560668,0.9694968468423992,0.0
359,-0.08181224400240199,0.05544073176780534,0.002186295926394418,2.055285478636163,1.1579863380057476,0.0
360,-0.030314858515041704,0.0243436940062769,0.03393968373537212,1.1517480001797802,0.6941706901317716,0.0
361,-0.02075830091050137,-0.007508239200528197,0.008350812936509746,0.30464430220689936,0.12672098719111757,0.0
362,0.04270937076540054,0.03722710788866473,0.017142356496554018,0.568725035345753,0.3967779887266832,0.0
363,-0.07376518408145231,0.015937004786399804,0.017909241536470173,1.4301348579300532,0.645224791214504,0.0
364,-0.052796838865114326,0.02627832183246331,-0.02516821422031954,1.3360496289817958,0.7239987507717578,0.0
365,-0.03813706178230966,-0.04185102537974311,-0.013607325418988068,0.5384625455232446,0.45601249989244785,0.0
366,0.05007429799979582,0.021459137898347986,0.007494696267682814,0.5577414896155461,0.1382692965991955,0.0
367,0.033431447476068,0.018546698332943617,0.0012292490536714848,0.3241995068829639,0.10546499814875727,0.0
368,-0.027698115369357325,0.0063270207926299175,-0.017629583061268946,0.6673174295390402,0.3443073980115432,0.0
369,0.017854761026216564,-0.03655461220697993,0.04147621657375578,1.3472048291416094,0.8644808887850582,0.0
370,-0.0667187121850866,-0.03515566906934374,-0.011910883006915498,0.7121369523725495,0.2604636897180079,0.0
371,0.02626003433352414,0.014605835638318153,-0.013551146358209252,0.4077653415592426,0.21463999932173622,0.0
372,-0.03882326306804906,0.005616608941857003,0.005395849307892871,0.6968589123871755,0.28361071872659277,0.0
373,0.09537317391065077,0.07125398578298327,-0.012250108883602189,0.9202888681276846,0.5517476396347373,0.0
374,-0.003103025015884997,-0.02083571943485288,-0.018750622199439706,0.5550785787298896,0.39305691572329365,0.0
375,0.0014397996441675265,0.02904864603570546,0.0046640587599542935,0.48897560336459367,0.3985487107803627,0.0
376,-0.0010503678139147385,0.04621588507340016,0.009375090923627536,0.8196688441852733,0.6511354083193371,0.0
377,0.011052366680323758,0.048404000050012,0.0014600600169392833,0.6857701682937023,0.608236248222821,0.0
378,0.02032624154710811,0.026957230529271698,0.011550317016154514,0.38718134856620706,0.3215888018078543,0.0
379,-0.11001965779479608,0.027895028707651183,0.016262172218679354,2.115920928436157,0.9632859606648638,0.0
380,-0.019549475950791904,0.021624099614715845,0.01907376550994108,0.7787401271646639,0.48319768590579276,0.0
381,0.05931388714416035,-0.029063201632289683,0.01544607831066898,1.4514048563878155,0.7381044734489292,0.0
382,-0.01520656584894707,0.03744591016967238,0.006649727160429767,0.8472310411146781,0.5955478720804748,0.0
383,-0.02828123759120001,6.0402664402418494e-05,0.03346990442711407,0.9028822882633034,0.5151616288831341,0.0
384,-0.021098460940736318,0.05836068663450158,0.011367478290862267,1.2719326162515765,0.9113904560367182,0.0
385,-0.008783277646104766,0.00471025507772725,-0.0180888672963071,0.47426535667602177,0.28780984323914666,0.0
386,-0.08411561811413225,-0.02868153317910634,0.0023467817691059114,0.9592126713217408,0.1160463330103692,0.0
387,0.04308550250705012,0.011783645629728194,0.012558089371485923,0.6015958526104276,0.19744590955128807,0.0
388,-0.049316148438416425,0.022233552410883997,0.0005479986578611959,1.0905574387571517,0.5508090738816926,0.0
389,0.11688091482800628,-0.017696227626582833,0.018402043033061116,2.1776089162428236,0.8703596936625183,0.0
390,0.026403830644250944,-0.0028381620649869936,-0.03453142152359228,0.939582030426614,0.5366155803061339,0.0
391,-0.00809573159509405,0.08187485717128515,-0.02008663676314762,1.5138597441673531,1.1785737052978558,0.0
392,0.001857691944248883,0.029887568598533556,-0.031534565663151846,0.8806768027711948,0.6106406868633719,0.0
393,-0.08679514164086792,0.02658134646450666,-0.02111067821326649,1.7836438228776634,0.8561572227858201,0.0
394,0.030604377405131968,-0.027205473675233814,0.002701021731689026,0.9264961969117114,0.5346383435251203,0.0
395,0.015091888039617352,0.035754795845008756,-0.0033967730250246114,0.44783129850858777,0.4210341777416509,0.0
396,-0.002690733124697048,-0.038086281643665905,0.008535329408569763,0.6766278382547526,0.5398485882079421,0.0
397,0.0453182324768093,-0.005748095573025051,-0.005960411359400517,0.8115361984338342,0.3183219803445363,0.0
398,-0.0018700081944166278,0.030479613461405014,-0.015533112290060228,0.6513793032878884,0.484383516067123,0.0
399,-0.0434859537760717,-0.003733524408942712,0.007841893227975428,0.6545149094678302,0.20619919480530327,0.0
400,-0.052427798416924555,0.02776268900881668,-0.03667762962808086,1.4847177527265598,0.8365409093196308,0.0
401,-0.07550155345486892,0.0023076836419992346,-0.025334119400331617,1.342050093619015,0.5587900331145348,0.0
402,-0.03706644005273246,-0.014850527569887476,0.005467070676648912,0.4207594854450153,0.0983418689497421,0.0
403,-0.018098180019364824,-0.01814965381667902,-0.008528854464225062,0.2754378596894362,0.21012082935598037,0.0
404,-0.06421293019473376,-0.0008243587861657701,0.0056606684925509885,0.9974142291387245,0.325208432644967,0.0
405,0.015313889868501379,0.008914130512061073,-0.018826828782090892,0.46751224948946746,0.28136044490702383,0.0
406,0.08219174257511863,-0.023116683221712484,0.022056361228651476,1.748098742036095,0.8004335855042418,0.0
407,-0.02312379641491706,-0.052579307874064875,0.029640620765486774,0.9851313550510366,0.7753453130720775,0.0
408,-0.0005732220017434356,0.03567534584238337,-0.0019552015124069703,0.6133491261734261,0.4932154887676961,0.0
409,-0.031448152080196065,-0.026996047893966396,-0.03867230819100795,0.9674694897645537,0.6215607894609734,0.0
410,0.09523393190808338,-0.02368537634670733,0.01561557297620498,1.9201474833800163,0.8362021171676113,0.0
411,0.005962925727356095,-0.022242987068984865,0.0041224939432088735,0.48293476267500474,0.34675398623519216,0.0
412,-0.0014284251968629325,0.002825024582729904,0.004881812734555162,0.1339413176448158,0.08550797421894682,0.0
413,0.033574231377600926,-0.015002199225426189,0.032675909790310084,1.0925543686263215,0.6120868035571712,0.0
414,-0.012883445683027206,-0.07586285672117289,-0.009024858101880417,1.2426140161739772,1.032572761207626,0.0
415,0.017812895492911106,-0.0006841626405746527,0.011287402505648492,0.39424769711596386,0.19343504990448662,0.0
416,-0.05335559914981644,-0.00800641704538545,-0.005059586337951264,0.7356029704449057,0.18123561713154251,0.0
417,0.0364768617997968,-0.032538245851389584,-0.025670019746437057,1.2699453318121177,0.7435576423713279,0.0
418,-0.025885880142915086,0.003940368591914214,0.0030120518499413998,0.466188220568985,0.18938524570417473,0.0
419,-0.0035124329021627198,0.023522912527455597,0.03183627982116469,0.8673090082955891,0.5771393683830518,0.0
420,0.027583681616999586,-0.022450728825938755,0.017241176917001815,0.8968984703662559,0.5183830371824313,0.0
421,-0.00684747307479129,-0.029734895513368994,-0.02386827685766634,0.7232533247986453,0.5245366094755584,0.0
422,-0.06528200309761742,-0.024647597357497844,-0.031003055076862854,1.0269661198572961,0.4726985571461338,0.0
423,0.040524088211489215,-0.013684049814725829,-0.002760764465734642,0.8515878327745673,0.39413225642150806,0.0
424,-0.012999367545404001,-0.027321041558360636,-0.023231801858272325,0.6494497541235629,0.47237974552108325,0.0
425,-0.01774799443719559,-0.020340527574648465,0.03874707902074054,0.945227700168121,0.6103136063289061,0.0
426,-0.044556004318576994,0.016653469883906178,0.021831356103547236,1.064303675419892,0.5537515985350546,0.0
427,0.03395231541356343,0.02978099497572376,-0.05371398804737509,1.299251844547725,0.8194481660657994,0.0
428,-0.0639397593492985,-0.029912491786321868,-0.009222881129698613,0.6890648328110971,0.1938437595850398,0.0
429,0.09982256274690819,-0.00639141043612673,0.02467303746086182,1.7791255966918031,0.6889864315079322,0.0
430,-0.046027429513204494,-0.0026977148139582866,0.016169096815220763,0.7798424740612443,0.3101205126775613,0.0
431,-0.0505242084160827,0.03540159027906293,-0.0003608197663793769,1.3058671683986645,0.7345764879014592,0.0
432,-0.05593372950571482,-0.018921403213069562,0.04325668140023382,1.2046188262011586,0.649834254783544,0.0
433,0.03202179201272136,-0.031354860569272336,0.00087878796959458,1.0190137758930597,0.5992349689946062,0.0
434,0.001289439717117394,-0.005860933822761332,-0.0140342648470432,0.3534750968094531,0.2252977710593305,0.0
435,-0.03394054391205156,-0.0055142109641089,-0.0007498674493596787,0.45714750403791476,0.1000179226810998,0.0
436,-0.04490047123989529,0.010802117583565042,0.004744323863891317,0.8613884066128233,0.3798411839904701,0.0
437,0.00041860014161472845,-0.014542412568456993,-0.009610455943695074,0.34676772362267216,0.25007141974822483,0.0
438,0.1091725073122958,0.0005064752656883208,-0.030585749322970923,1.8722096338233214,0.7001681929810835,0.0
439,0.05392399563588721,-0.02285817448914193,-0.021476364541045397,1.3179859631061102,0.6677788049932544,0.0
440,-0.004603700082342549,0.05588240246748066,-0.028736677052465978,1.1909766521496319,0.8863682699965738,0.0
441,-0.030190439882225,-0.01550722725793749,0.0019817091776039245,0.3023074698324942,0.08512948216723172,0.0
442,-0.09030126271027716,0.018203906394654662,0.0043708300501030615,1.6548136316856836,0.7059772248028438,0.0
443,0.08094196462160791,0.04575669272035898,0.0032223616895576497,0.7821507368652233,0.2631369217021293,0.0
444,0.04817042055861154,0.016163440665752482,-0.04314166048989075,1.1601182450683247,0.6327063616371815,0.0
445,0.01671481525512776,-0.06827559421994515,-0.012949423218141869,1.5111234607623347,1.0751904377100934,0.0
446,0.025549835795410848,-0.038762829677940515,0.0022689709590713847,1.0555146576454741,0.6737861174623934,0.0
447,0.027179752643272815,0.007135082348097662,0.02595613823412754,0.6989148035925341,0.3838485651559043,0.0
448,0.029930896723556172,5.383738432126415e-05,-0.02502640160600625,0.7577281930092469,0.3973767381549197,0.0
449,0.052965154157712295,-0.017645302500296348,0.012211072421065899,1.1478989476808283,0.5403021588124504,0.0
450,-0.04644010287575475,0.05929316318477447,-0.009263171771151959,1.6210590978172068,1.0417862532373092,0.0
451,0.020318465606050985,-0.009379355204805408,-0.004739867732371963,0.47744865646191376,0.24174772888757615,0.0
452,-0.04471280233124292,0.0017014827362759036,-0.003992689758352871,0.7270547299817002,0.2559270521728754,0.0
453,-0.031651276158481685,-0.010999304556801025,-0.00693956028946972,0.39410031371475374,0.1110754437011906,0.0
454,-0.05722161327180667,-0.060869298607918676,-0.03305648925490425,1.0139034913266323,0.7741342468643527,0.0
455,0.02917247545358966,-0.019875207421024114,-0.033555485780822195,1.1181969498724127,0.6524306791515514,0.0
456,0.07852082430447968,-0.025331941634679316,0.02392502522169512,1.742543608520429,0.8239171077929992,0.0
457,0.0034642429806144206,0.015276417199901427,-0.02440645094543977,0.6140675736979285,0.4071420874171644,0.0
458,0.03823537180901931,-0.0007179192226662414,-0.01703167025675557,0.7338662437228473,0.3216443674697591,0.0
459,0.021808174313243348,0.015220653447765459,-0.00811819982964296,0.27664782690356543,0.1609275766146484,0.0
460,-0.010332566743230808,0.028184243883413822,-0.004867873910845825,0.6261698994784779,0.4439954577631468,0.0
461,0.05210080042083,-0.039765634480564825,-0.03461898989379535,1.7010568236740284,0.9673536254479854,0.0
462,0.0038696951918843754,-0.010200888892228208,-0.006852543109740355,0.2825013856813221,0.19062814692299887,0.0
463,-0.05152275510789381,-0.027175126377600115,-0.031102676936735456,0.894195092803166,0.48787661406051164,0.0
464,0.007803593648258654,0.007056485038857832,0.010637229089369246,0.2618485813748642,0.16774755805286712,0.0
465,-0.023917758894198667,0.043339352431680765,0.008778389618379475,1.0665572746864953,0.7210535299976571,0.0
466,-0.05492967437717919,0.0008446907572441614,0.02245689444704264,1.0141356277533564,0.44086539879467423,0.0
467,-0.014500369056445882,0.07297953175396915,-0.016270580960489958,1.4351795706111035,1.0829947159678195,0.0
468,-0.08309224151766591,-0.0176287527292783,-0.01521633337047737,1.1242404787505678,0.299331119579721,0.0
469,0.016080932984489312,-0.03616033446255324,0.009701053487559645,0.8986120477794342,0.6065694985140437,0.0
470,0.033506895162203974,0.012296896442245702,-0.03184487068629728,0.8400438574712432,0.46809441728263307,0.0
471,0.018347031954976688,0.007217307893802768,-0.012950860499266926,0.36533436589206814,0.19196650253654132,0.0
472,0.001422448454416794,-0.01351969165003543,0.002682981420723607,0.26350367295502913,0.20000943002124127,0.0
473,0.017772923157993625,0.00193482163334757,-0.008440003289764682,0.3218011792805026,0.13963885044504049,0.0
474,0.03752855765093101,-0.028932263836334262,0.02602644598020033,1.2328002040685002,0.7070075524057805,0.0
475,-0.0032775261813882007,-0.009530442314459228,0.011148660024664601,0.2940048598053174,0.20241406878576285,0.0
476,-0.021472042916595387,0.009775601489286563,-0.04852236018181195,1.2342922545523118,0.7538074730666101,0.0
477,-0.018523362817298734,-0.0544025504416344,-0.015807414603371636,0.8472549315434535,0.7227990336437706,0.0
478,-0.024175938663908023,-0.01614687496066458,-0.023676601626550418,0.6040494848032634,0.3695648224909891,0.0
479,0.04937574705025518,-0.03008460664645897,-0.03286154080005554,1.493879696381007,0.8263189180896611,0.0
480,0.008618432052265012,-0.019794017908221582,-0.010283354026918047,0.5275251961175856,0.3543025435793895,0.0
481,0.035747354717418134,0.038983367392375394,-0.021736318985896817,0.6409799107027074,0.48177813846244394,0.0
482,-0.006245943683168411,0.03260965180231798,0.011541554726517718,0.6881746730958176,0.5071110017611561,0.0
483,0.031131299828320642,-0.024883263090552214,0.014693107125525545,0.959402451341845,0.5481038624632124,0.0
484,0.006276041479507179,0.03532181030966635,-0.022030122969617455,0.7328523085683339,0.5560220565491971,0.0
485,0.04912427847720868,0.043851990103355984,0.009626627060838229,0.5195590049158627,0.3941067372472314,0.0
486,0.006235667053480809,-0.009924751322232559,0.04163625163865647,1.02367454993014,0.6386868981358886,0.0
487,-0.09936991475311324,-0.023169491786930525,-0.047666304020017626,1.6773492661888767,0.7453092360812853,0.0
488,-0.096265646008608,0.06778638406888135,-0.006523618108224556,2.4409312316242806,1.3950446293142194,0.0
489,-0.10657712201837106,-0.007498584437630371,0.01821442449200879,1.6112004986084705,0.5186374205118773,0.0
490,0.05332377648119462,-0.036792426433075495,0.013459111009078373,1.480169148001784,0.8072061487429729,0.0
491,-0.0050749391935056894,0.012264915321741324,0.023854539715504015,0.6255162276034064,0.4006887114428434,0.0
492,-0.007360249415902004,-0.01507122049540971,-0.026703641309392886,0.6608209972530961,0.43330773183086607,0.0
493,-0.0121077911295347,-0.0091224429983127,-0.0013887951565112625,0.11548793160507448,0.07305834067639984,0.0
494,0.001995312715662792,0.053895801560510784,-0.023857352271766198,1.0356713921519662,0.8026019378632129,0.0
495,0.020553240478051314,0.008936954161234491,0.011061975415979334,0.3389391732026488,0.16624445819795344,0.0
496,0.009819947397990168,0.04718040930600834,-0.007368660942855467,0.6996420636237481,0.6068037152807401,0.0
497,-0.05153683753093934,0.00836202735343647,-0.020194442568000022,1.0341589486268346,0.47807595659207036,0.0
498,0.07066861213856356,-0.008145367885633501,0.029878582718888342,1.4314216639789548,0.6399542951230932,0.0
499,-0.007495912219873265,-0.034741899660120625,-0.009037086502547092,0.5680223935623104,0.4729758744807736,0.0
500,0.08566886054758521,0.030317631740189352,-0.00959079821816636,0.9917894281232119,0.17848037903802244,0.0
501,-0.03131288223815243,0.007104899607491019,-0.016444489083540865,0.7055288933877228,0.35157476443735786,0.0
502,0.044857646880471634,0.014274378809523168,-0.011819682017456512,0.5922944884439749,0.183441569510922,0.0
503,0.10794435360008298,-0.04190528380849974,-0.0007304267226175504,2.4013836975836167,1.1251229267590606,0.0
504,-0.016515830046478577,0.014156830038127814,0.004365089914846482,0.48633340331059743,0.28441457449598845,0.0
505,0.027444563167138315,-0.04780811210407739,0.03915316667958132,1.5702622727673377,1.001833951275539,0.0
506,0.006837259518540852,0.009791277378507872,0.011303510072544508,0.2855935455056378,0.19525713615323503,0.0
507,-0.013009182172628427,0.022818149456189745,-0.011552019527455222,0.626024636168113,0.41433707485195376,0.0
508,-0.05569543112437663,-0.029496183393825967,0.006339927741203316,0.5651526080981514,0.18550279253623161,0.0
509,-0.046703174414302134,0.0407660814277745,0.05863443465724781,1.893725342863636,1.1618192559188678,0.0
510,-0.11085088506680772,0.006636713012335778,-0.00809781408317996,1.816037330134014,0.6631863620288773,0.0
511,0.03729198695155863,0.01308617104824332,-0.005561035462459289,0.4412660506418088,0.09485759731171808,0.0
512,-0.00689174857295482,-0.007233809742847893,0.005643377406770901,0.15262721176447394,0.10763546302026887,0.0
513,0.014484615608106308,-0.02890647284534386,-0.044303845906769605,1.2822900125317878,0.814387781994771,0.0
514,-0.09605916442742433,-0.04064376977361222,-0.004313192039866394,1.0224364184665309,0.17373354562680543,0.0
515,0.034881627448907986,-0.027090033671758527,-0.019576946647173046,1.0947247459750247,0.6244682666165017,0.0
516,-0.022799933408560787,-0.008762924204218033,0.04094989866317942,0.9997363143455946,0.6078567568228739,0.0
517,0.007422169745191128,0.04837934122128711,0.019149885715308037,0.8493074857197289,0.6835938513081153,0.0
518,0.01588701760995528,-0.0058633994935663744,-0.009236263428631052,0.4034685521697998,0.2105180075196932,0.0
519,-0.06289014878560566,-0.004627755040769085,-0.02187308345211059,1.0506342841236276,0.41419732806633275,0.0
520,0.019878301152709457,-0.04060633566782146,0.03210255202696518,1.2697575087372184,0.8252478132361784,0.0
521,0.02885129553277856,-0.023363684845398282,0.03344590398416024,1.1561354903747803,0.6835388389090673,0.0
522,0.06603241124038602,0.02039338900063516,0.007167421743500396,0.7938304424626107,0.1405422907407783,0.0
523,-0.03459488648825856,-0.06292061175456014,-0.010114411217848004,0.7909967199739816,0.7439743773963466,0.0
524,0.0027221846597542962,0.06251169665635538,-0.010705452912462825,1.0370244097744503,0.8501464147908839,0.0
525,0.02727529348897295,0.01956388540811288,0.01453877777120399,0.42345447318716367,0.25569176069209654,0.0
526,0.019579820997528273,-0.019409561957087672,-0.018450318591572756,0.7626655893793928,0.45885949212709226,0.0
527,-0.028483964770533457,-0.001176150256359448,0.02580344853672198,0.7432160867575135,0.40255883329474423,0.0
528,-0.06196815375253594,0.012478097363583202,0.038128029063283025,1.4431845990894563,0.7408860542271909,0.0
529,0.03361346904601061,-0.004977000646938392,-0.027440116281536246,0.8892874712627428,0.46844683057322656,0.0
530,0.0073592026573772425,0.0072428124726149025,0.035714685051899876,0.8454951565811775,0.5288549226822143,0.0
531,-0.031008655221803644,-0.022319771187941834,0.02504070121336854,0.6590074349193696,0.4088630476222499,0.0
532,-0.005233279493790405,0.033542443616522866,0.007033734808531255,0.656546228018649,0.49681099318034017,0.0
533,-0.04962706593403416,0.025887608536282625,-0.012270028930322899,1.1842384625142588,0.6280798019036725,0.0
534,0.05078198464516423,0.010132012746938979,-0.02699186145721953,0.9209801908859078,0.41393380487869885,0.0
535,-0.02558133434522485,0.028352041513412942,-0.013356633844141541,0.8894682127237559,0.5513044246112196,0.0
536,0.005787897731119578,-0.023481207062751464,-0.021405379582196318,0.7107501331976477,0.479024310436536,0.0
537,-0.06093423169469994,0.007648656887005296,0.0018288557833671165,1.0560160936479976,0.4125203374656743,0.0
538,0.00689504870562569,0.0018873505229437368,0.0057990074236024146,0.16059112530413247,0.08618543394572946,0.0
539,0.01805312442081905,-0.0054947838883452026,-0.014393165404037931,0.5013277678705174,0.2696139116939831,0.0
540,-0.08947649043761145,0.015686710901792432,0.006161707492421099,1.6104596941817453,0.6711472475631144,0.0
541,-0.05336350338877367,0.025114774049326622,-0.006951362382849974,1.2047814622490538,0.6184793897917432,0.0
542,0.03171275282764478,-0.08677771494979637,0.001614760860747579,2.057725556003613,1.4045061734391076,0.0
543,-0.015347389889290953,-0.03803209906829564,-0.009827723059024952,0.5510323090628432,0.48505593644843054,0.0
544,0.032242510540141996,0.0331730418654564,0.01589900267963283,0.501409331923883,0.38074148220581366,0.0
545,-0.09473838628023105,0.007547536808905794,-0.011339109594891254,1.5941388505001866,0.6059322849989701,0.0
546,0.028714750773853128,0.00791776189930588,0.030850159076450178,0.8086762249327555,0.45487945459942336,0.0
547,-0.08433411872349095,0.015087488956845689,-0.0036470644340483283,1.5199693093950701,0.6330712917466398,0.0
548,0.01741474814736622,0.059932645898037464,0.005784831253506948,0.8138022331784422,0.7360941543574624,0.0
549,-0.011184066341921817,0.008716364391953819,-0.016723400714739583,0.49972086498319823,0.3024353904583644,0.0
550,-0.008712065192538187,-0.016343398284443672,-0.03536639439626926,0.8631018628938244,0.5573188981070322,0.0
551,0.09666702447291703,0.0010454644140126374,-0.0025641800538789457,1.5143720930322486,0.47143937178355594,0.0
552,-0.02073868199266725,-1.497569979298216e-05,0.018401440205782243,0.5410240824619011,0.29123846898073064,0.0
553,0.054010843081903216,-0.03940782776781175,0.019252005857284305,1.5723016280665745,0.8712853501853894,0.0
554,-0.01652616726823921,0.022191362346826275,-0.007368733339141217,0.628893095755904,0.4018047543400872,0.0
555,0.0001235922323335496,-0.009680077977634928,-0.0017344866708341575,0.17573876610320407,0.1381838449317569,0.0
556,0.0593150306044331,0.02811873239067361,-0.01343322511049716,0.6825698654688391,0.23273372012887164,0.0
557,0.06848137465947426,0.03132899038254184,0.0428198486855566,1.232174667556704,0.6345492606295443,0.0
558,0.07573733232249774,0.049929675091355784,-0.019351472179144548,0.8346546155040898,0.4335353095310945,0.0
559,-0.04523515774860586,0.0223423915206759,0.02281077574478834,1.1586230406038625,0.6283854686346844,0.0
560,-0.1830431777099065,0.006205549865259782,0.03026688598306886,2.9766540925440883,1.1135035357981662,0.0
561,0.07230670165504473,0.013716767224924958,0.00926721763208156,0.9768012898921749,0.22955255089752463,0.0
562,0.04317158985541596,-0.01413427600664613,-0.01319826823290792,0.9521211320637275,0.4553115300382286,0.0
563,0.0098445781760809,0.015131981223856053,0.008494002091530591,0.2578042726894252,0.20428828505712737,0.0
564,-0.04148134288445393,-0.03144097668040108,-0.0001187868212302388,0.37905743899862265,0.2453896767313628,0.0
565,-0.006371230627552362,0.07231601726824241,0.01194273551857917,1.3023481339969283,1.0238924048751066,0.0
566,0.0668720562548524,0.0002869819925730294,0.014941109302993255,1.1094113952170483,0.39745143520724163,0.0
567,-0.032208915778201,-0.049948141573267074,0.0034336219060998752,0.564216926389899,0.5542037392512684,0.0
568,0.09721683195138835,-0.010315300912456093,0.03063104458171097,1.8508241716084406,0.771880661441122,0.0
569,-0.017944270385382245,-0.009476623753010229,0.0007162169290109859,0.17668509907514152,0.05162482448407375,0.0
570,0.024072756857192207,-0.011888920868833582,0.027770091971313172,0.870020906269175,0.49973718913559884,0.0
571,-0.026726586767603106,0.018730764677319794,0.015449393006883558,0.7864267784845127,0.4514044740869644,0.0
572,0.04712979724732433,0.011492667621876389,0.0026610560973895866,0.5917958123545664,0.10047736561253644,0.0
573,0.040774634386667334,-0.01185954774860941,-0.013155268592957117,0.8816505049679636,0.4159363547579786,0.0
574,0.007815926219042164,-0.024995325942998317,5.459220723540883e-05,0.5479293448024392,0.3893832667657028,0.0
575,0.09244122117754501,-0.022863745019800423,0.011415435604036784,1.8446709546462796,0.7964776487824592,0.0
576,0.027333998353124417,0.02667524638471981,-0.007982989905341907,0.3321207275394587,0.2646426425349376,0.0
577,0.013156210479746173,0.05179058640120907,0.005351072226296601,0.7276190500165696,0.6477718376895509,0.0
578,0.04406107927348194,-0.09731008761390962,0.03981820165883109,2.648890390157758,1.731941193176834,0.0
579,-0.045386720234641055,0.025208717998575637,0.0028422042596784763,1.0783695920105212,0.57291098833709,0.0
580,-0.08717806842350685,-0.04467779228536939,-0.013821342612674165,0.9223174251262408,0.31259987946776097,0.0
581,-0.050048209711877525,-0.0031003876476841928,0.01100638857488119,0.7822147737793158,0.26746823397249525,0.0
582,0.020033904285161483,0.04546911681711866,0.02373627717831739,0.778245047924997,0.6277919916945794,0.0
583,0.013114252337007155,0.0007542855362201514,-0.003668722286089286,0.21361997822923828,0.07779885790520887,0.0
584,-0.019083633191392228,-0.070467952467202,-0.044778901810279166,1.5130231765257336,1.138613191073212,0.0
585,0.059671927967414044,0.0038928208877379205,0.007340106759251924,0.9016497408807075,0.2699574423612674,0.0
586,-0.02302443527725906,0.05939034608862338,-0.009643134186671653,1.3056832809617307,0.9300336833154196,0.0
587,-0.05583376932464749,0.005903450955710968,-0.005681156746241818,0.9611706645207161,0.3717810741627782,0.0
588,0.02056508604628207,0.00352061871764263,-0.01567412685136126,0.4619961497293352,0.2375084405560437,0.0
589,0.03014573257640974,0.0035783184679031173,0.002456180239443219,0.4279928864971186,0.11045228869546053,0.0
590,-0.03407655570202069,0.0507828528788628,0.005742520285561341,1.3114045526691587,0.8632317113258743,0.0
591,0.024579703504261315,-0.010611652844747247,0.009665285755488496,0.596444769233313,0.30523129106519375,0.0
592,0.0013579759742715855,0.004437342476059056,-0.02292379013423423,0.5441441940904354,0.3418693347671532,0.0
593,-0.02452363732248089,-0.026743607372510126,0.001906153284767223,0.2765020331685346,0.259442232177471,0.0
594,-0.03476171071107383,-0.025799874259149255,0.01916349996569084,0.5554823340776331,0.34783364028779423,0.0
595,-0.04242496244557533,-0.01248955440297517,0.0074039195816201,0.5337563657874497,0.12766035778086487,0.0
596,0.022942172914970548,-0.03243567530879,0.00018939356796211852,0.9012417852214302,0.5696581069934205,0.0
597,-0.0203866920113408,0.0048707461053232185,-0.004778175643996487,0.4053147775852741,0.183192494469387,0.0
598,-0.04544259628696163,-0.034740856617919515,-0.01836441486888218,0.6037485235894094,0.3881447837007557,0.0
599,0.040147619052895316,-0.03346836831078911,-0.019202996370173166,1.2688661642684713,0.7278025605339614,0.0
600,0.06420720583509024,0.02370251365311487,0.0036953555793987846,0.7189956182223474,0.10113965823409068,0.0
601,-0.0015521194331004511,0.011163929796915833,-0.004145703757493739,0.23371032004404996,0.1732647815129297,0.0
602,0.01105342842058973,-0.00507757349036447,-0.025740264237203814,0.6607367524992636,0.4000823202619048,0.0
603,-0.004432395150268448,0.009396094003617022,-0.011274053310286927,0.34557861864690254,0.22481592777458895,0.0
604,-0.09198665158979363,-0.019633742596331605,-0.005791454440832746,1.1862125376045272,0.23097475332863132,0.0
605,0.0550452637208144,0.0023957537148778523,0.005250685101501015,0.8418731302082602,0.25619883407564564,0.0
606,0.003899463321767051,0.025262548700831434,-0.021731740551304227,0.63656189813571,0.4571894973779393,0.0
607,0.11156900665900926,0.04231787857821578,0.011323714368417564,1.2584082668457135,0.22302176102612653,0.0
608,-0.00047858963254254934,0.04102142899452039,0.002638966869042778,0.7012013855653529,0.5654570784730507,0.0
609,-0.024170101529398722,-0.03365382781541724,0.02315416573051361,0.6605684227507468,0.49778932312541546,0.0
610,0.03595444003485836,0.007357185921380871,0.0026588160319288186,0.4702023380838945,0.09469165058762849,0.0
611,-0.013447991516849285,-0.000211209009720508,0.0199430807218576,0.5139556479675638,0.30154380336924536,0.0
612,0.035062744730426136,0.05329780614783854,0.01113214026837558,0.6189293265373226,0.5820121322847691,0.0
613,-0.04215282470362232,-0.005869726858536661,-0.01437033750880131,0.6709290911285319,0.2528150633236388,0.0
614,0.012659804396123221,-0.01993812866098128,-0.001680377782840347,0.5293454491368216,0.3425633575276103,0.0
615,-0.01463489227351862,0.0058137658108601865,-0.017462659561648684,0.5175765740305318,0.29940894875653823,0.0
616,0.022551249450345236,0.008556345549599343,-0.0036659258233735525,0.2629768958171453,0.062027509462735275,0.0
617,0.03323233981517229,-0.012698712171733986,0.02829597107754958,0.9875578023229558,0.5400588994904305,0.0
618,0.0011843657436350367,-0.09062634238650567,0.00457161116236602,1.6992978695102656,1.313165384807545,0.0
619,-0.011797215116363162,-0.020233361253932654,0.005521809184391823,0.2657227457813433,0.24100873709048834,0.0
620,0.11667379594320487,0.045809050650402375,-0.0026101448121959797,1.2726910329119254,0.1708530722535782,0.0
621,-0.04918778115635904,0.02761395298351585,-0.010966889692229389,1.196239241057839,0.6432971845647125,0.0
622,0.039115692655828496,-0.004036836512202442,0.007826950719129132,0.700204781614519,0.27661789772441936,0.0
623,0.007949984567540298,0.014662130234106136,0.010771245223400496,0.3040117357141731,0.2280236504535028,0.0
624,0.05330507474218163,-0.005252512610760576,-0.010863640560958551,0.9538878198176737,0.37487003022975207,0.0
625,0.004837370941668968,0.07017171651518535,0.0009169670833948809,1.1044492797275511,0.9272947295126482,0.0
626,-0.03374317478857334,-0.011289332944871866,0.020942661645874067,0.6278116738463556,0.3142905958168595,0.0
627,-0.11352557707713405,-0.006242272383552803,-0.017236913983406935,1.7246488109239844,0.5568646935867292,0.0
628,0.0012784017630668339,0.0005663065419880133,0.00960585837841301,0.22740759138800337,0.1416222647058527,0.0
629,-0.02043650997902702,-0.03875846786559592,0.04484787194850301,1.1725838038036693,0.80789210604163,0.0
630,-0.009449884480432262,-0.049096203613546816,0.0015367005597398573,0.7638127969112428,0.6502471287653798,0.0
631,-0.030662669728534726,-0.010327181496343124,0.01697915913136828,0.5327115102670816,0.25529080636166074,0.0
632,-0.04128588856180084,0.030209462764865597,0.02850304959372461,1.2749507033229255,0.7459399322830907,0.0
633,0.0495431578071005,-0.0013074536984201998,-0.0008903081228117619,0.799301578564497,0.2668720429452406,0.0
634,-0.03830634059595934,0.010584891001894577,0.005097771777327794,0.7594709521809223,0.3454551328940915,0.0
635,-0.061766982847706556,-0.01228476811829749,-0.022465812502480174,0.9608876759807278,0.36834984687355077,0.0
636,-0.008222553942977866,0.025523634417666703,0.03784137203105041,1.03574720683911,0.677568345435317,0.0
637,0.004897828630509224,-0.04179272020306841,0.0019476343136645671,0.8145013926820864,0.6155210549800527,0.0
638,0.09008773496274755,-0.03559446604236732,0.028942768229953588,2.1251422216663376,1.0394237318710995,0.0
639,0.06228267665843709,-0.017786355515135122,-0.000963017061404036,1.2594042478503855,0.5577802281651366,0.0
640,0.009338275155848504,-0.026212233926974058,-0.031077663635756307,0.9515892682770599,0.6207736918172019,0.0
641,-0.014979266474547072,0.010191559044611255,-0.0003927452510105363,0.38945971890520115,0.215124238740851,0.0
642,0.03081779686779227,0.02079904024118511,-0.006973853552600665,0.3277750757353,0.17598619603715246,0.0
643,-0.03625530464736378,0.021930411373936993,-0.016742779540770164,0.9716855458599098,0.5403809512041516,0.0
644,0.07596693669000576,0.03087298983348403,0.01718548577453433,0.9127280310027029,0.27420488665230225,0.0
645,-0.027804944771632763,0.02610290904328374,-0.0008192918826511682,0.8308084752946108,0.4961964011991581,0.0
646,-0.00516924263387195,0.02239285492891091,-0.018949043345571643,0.6311355682930022,0.43404953868049345,0.0
647,-0.016504680952984106,0.006122270543627949,0.007290434571053223,0.38851822636067884,0.1983680767890997,0.0
648,0.0965382605544175,-0.0020479652847695384,-0.0026123879884169575,1.5586221939732468,0.5125027192363053,0.0
649,0.013351766319623851,0.0196129445248014,0.01168680133762082,0.34416662314108615,0.26824296889200594,0.0
650,0.015262508723598956,0.014691349328639297,-0.013506979079407542,0.35227430894574385,0.23707851807838787,0.0
651,0.013708793117216634,0.034889260979354124,-0.022068963870061572,0.6763718269233946,0.5229003260876892,0.0
652,0.013417489878127107,0.029651485920044407,-0.008982574722931772,0.41573966391782863,0.3674121652191016,0.0
653,-0.04166484066890094,-0.008190420518114788,-0.021951040995942913,0.7496726318717538,0.3423181363705262,0.0
654,-0.028699267923385292,0.03575696446156972,0.017220265722010752,1.071662683500118,0.6792493494184552,0.0
655,0.06476713289460793,0.0293576560101782,0.022189534221047177,0.850712309760557,0.3450257804587151,0.0
656,0.013802750982517327,-0.005978331689181253,0.006009079225559749,0.3395433543361542,0.175669530792438,0.0
657,0.016534204984452,-0.004293275464504407,-0.002540380731276911,0.3293623666566566,0.14679478068631682,0.0
658,-0.002070599220288426,0.023970147441664733,0.013120954357468611,0.5326373857266531,0.3907771873021256,0.0
659,0.06729327757399808,0.012276582720735141,-0.025008124662280976,1.0718719855257446,0.4062561085742099,0.0
660,-0.027922450222300776,-0.02182137487251764,-0.020244739783421135,0.5451748751794054,0.34806316494773,0.0
661,0.04517169205883593,0.008956272725266152,0.027093275446319513,0.8719376516934123,0.41197368127604345,0.0
662,-0.1103141858475699,-0.04453473656684019,-0.008808967533565025,1.2057303165271958,0.2143600207006626,0.0
663,-0.004088141361154949,-0.014889108798207823,0.044010042571610265,1.0684576605169387,0.6794702330479006,0.0
664,-0.02093407169283075,-0.022911694640822478,-0.021232880849840787,0.5569753185151444,0.3859180344290071,0.0
665,0.00414124282615653,-0.00992863314671055,-0.025704934691467455,0.6528444401857894,0.4122039951632522,0.0
666,-0.07456355292888367,-0.026316871256567363,0.026233606174130755,1.0436486115784607,0.40532172350879764,0.0
667,-0.013665359174129914,0.03381278808395095,-0.0028735629859465445,0.7562378929771495,0.5326174607840823,0.0
668,-0.05817219566895632,0.035151758349856364,-0.02490756468420724,1.5259298983695617,0.8511186449999695,0.0
669,-0.030506918158716853,-0.03185358113069038,-0.008321891984973118,0.38179613219390035,0.32647648275144736,0.0
670,-0.035459506930418785,0.025721165087673647,0.0028117788059767203,0.9392302835738707,0.5304652038855102,0.0
671,0.0065689732871624775,0.009465644639051298,-0.013896626644481004,0.3422959764762553,0.22709555694166503,0.0
672,0.03282837641806491,-0.023097077906999518,0.002573414265349559,0.889201848306427,0.48748795687447155,0.0
673,-0.021524924347034607,-0.04502375609789639,0.017864408649166354,0.7062283584839936,0.596364408787847,0.0
674,-0.021592937741581362,-0.012700507389795206,0.009388160827676462,0.3021273042855664,0.15944350043664002,0.0
675,-0.04201465507904322,0.030243207355090722,0.015910199947507066,1.1624934296446972,0.6647426236162015,0.0
676,0.034171447616081485,0.01616371080092854,-0.01972663803973821,0.5814261837692212,0.29736977910378776,0.0
677,0.05033157227258265,-0.041053072078525925,0.020024418740039428,1.55170964217281,0.8802936661669742,0.0
678,0.05542196700928495,0.05132624819949816,-0.024770752103950366,0.7885982469767134,0.5658520477837685,0.0
679,-0.028068894458827404,-0.04555126642700527,-0.013317759839216174,0.6077484880694158,0.5465433110821055,0.0
680,-0.007067282010801296,0.01935276178484151,0.0009306602713073938,0.42565146510075375,0.3020474191342088,0.0
681,0.0377728300851961,0.016917173986242953,0.0026358403984774997,0.397679072633547,0.08072259542040328,0.0
682,0.12442577199550475,-0.013096683362598555,0.0017434137616657084,2.1782601120415706,0.8012769365079433,0.0
683,-0.06748654704605009,-0.05542491403726866,0.0022719690489771596,0.6277052455521529,0.4648554384042432,0.0
684,-0.059862822763034396,0.04983548007525363,0.01704153796486686,1.7017893452662398,1.005031025214756,0.0
685,0.037435516629887554,0.004884768497679263,0.0019839901499652817,0.5229804791951859,0.12727058968341948,0.0
686,0.042718111652559065,0.021776385522130313,-0.0044342330610198915,0.4371433407165348,0.12685274129708696,0.0
687,-0.03974006400895825,0.007075240280072593,-0.0017495928733668345,0.7217562033205085,0.29776629170968366,0.0
688,-0.007658638825710837,-0.01613456202437966,-0.013359384751430304,0.37428949656123117,0.27380542170464844,0.0
689,-0.023978690883075065,0.020420651924464614,0.039806404389834835,1.152898658728343,0.7072996965294708,0.0
690,-0.0961150378355411,-0.034589097505325225,-0.008371462558614335,1.0936180731491354,0.17872326337294872,0.0
691,0.11187193882964214,-0.006098719767060029,-0.01118037719089084,1.8845407204769247,0.6629105699736054,0.0
692,-0.019590356169014122,0.0357097379366816,-0.0065438429348563375,0.8789334767682191,0.5933872338991253,0.0
693,-0.01690617612788803,-0.011277800124551396,-0.01025617690499701,0.288554676165522,0.17106405105147487,0.0
694,-0.022360705224391878,-0.04637670984204596,-0.05669413913788591,1.4827002926386024,1.013325319894618,0.0
695,-0.07612809910459052,-0.011291068246270686,-0.025882446486252864,1.2009044196180383,0.45313578580985925,0.0
696,-0.02517046381678061,0.000540069552037304,0.011423986837285516,0.4826166796370426,0.21576017878567838,0.0
697,0.027180030210514045,-0.012685314154351058,0.01738981957703182,0.75009003316258,0.40398012822604795,0.0
698,-0.03042036742894663,0.021508246826987536,-0.012250363120659014,0.8466330789808197,0.4813356722648179,0.0
699,-0.044635696448936446,-0.024446857864243624,-0.029972492672832987,0.8320662891746028,0.46856033934279867,0.0
700,-0.021674687736608834,-0.02564127796935272,0.016067512170839272,0.46461829872724625,0.35057122667241764,0.0
701,0.03264296859186599,-0.027919125641448345,-0.01689946233854705,1.050140992452201,0.6076499484810375,0.0
702,-0.02951313571641614,0.029227885460382526,-0.002400149294866049,0.906140419975869,0.5480246490111498,0.0
703,0.04622269180930403,0.007207877025104006,0.0054510973485476615,0.6410892729536768,0.15943856467284928,0.0
704,-0.009579013678484904,-0.010013109932587399,0.0011135866127490888,0.105387650798091,0.09538916762941724,0.0
705,-0.044046944256431686,-0.013936147511885998,0.03387328441111713,0.9500862984523876,0.5078116433622226,0.0
706,0.08234151674269319,0.002469816976405101,3.556871325837967e-05,1.2641074465185864,0.379564068983799,0.0
707,-0.00014158070585373916,0.018467728671212148,0.01774487441357095,0.5235365770513519,0.3646134093009517,0.0
708,0.02429395830360048,-0.008479641927031479,-0.008716205276980795,0.5517204012170611,0.27114882435179893,0.0
709,0.03286034923361649,0.008584346533646165,0.014242558033706356,0.5258004243547819,0.2169028872068761,0.0
710,-0.05790575811072379,-0.02641328904621216,0.021706215660473715,0.7882044422908246,0.34491066504773904,0.0
711,0.04331275204545864,-0.036239715669048655,0.025653463240144957,1.422001642129532,0.8190808220294533,0.0
712,-0.014117035789550272,-0.0038418943597656645,-0.039473947944162216,0.9479479352105407,0.5840873246035887,0.0
713,-0.0042116203785802836,0.07578644453517767,0.004333089833070423,1.3049139564506989,1.0464763176850234,0.0
714,-0.060790788087976645,-0.014883266804553546,0.004133938614570554,0.7629971324308147,0.13481704606237546,0.0
715,-0.0814356129026868,-0.004301805394888053,0.0008357603701018922,1.2087241318958972,0.35581218371891227,0.0
716,0.03619538661340368,-0.006455811308284318,-0.012071383325575967,0.7255215283533104,0.3234154227967272,0.0
717,0.026200529474873648,-0.0761295270443772,0.010471373686485938,1.7857408563873298,1.22969454912658,0.0
718,-0.02586570804542972,0.009039504964571905,0.004025998989303343,0.5447878617710497,0.26046251242139357,0.0
719,-0.02247612589718353,0.042566912317188094,-0.022652818153284442,1.1414713991019159,0.7665163210116666,0.0
720,0.016025316936720893,0.013617779325757315,-0.0025259347773561648,0.16138851409661897,0.11858234702483553,0.0
721,0.09105730238506173,0.010643539187318434,-0.00811771593093802,1.3014741802379706,0.3370068700255753,0.0
722,-0.003903193867642695,0.038316408779109336,-0.0009132583304998002,0.6975833642474929,0.5444259399285524,0.0
723,0.004638035138391822,-0.019943216283618784,-0.00010407945813315178,0.4133728736208865,0.3022862815941878,0.0
724,-0.03161369813850386,0.02775056221362537,-0.011539894908977525,0.9503599065865167,0.5631790894677269,0.0
725,0.03207668511502181,0.015437132948092782,0.03585674272845095,0.9062885900576126,0.5289695605665821,0.0
726,-0.03394057299605746,0.021101052350749182,-0.02527208828368745,1.027702854171991,0.5896476849623412,0.0
727,-0.04412074430613389,-0.01093272837073797,0.02144720935775653,0.7454748329657758,0.3301080223119159,0.0
728,-0.028839241537973057,-0.025857526718614125,-0.016261100834964883,0.47584030617827083,0.3312452744484506,0.0
729,-0.010506245073968048,0.04309874630621709,-0.027053110297927264,1.0640238990829536,0.7515717352776521,0.0
730,0.01128151152428959,-0.056002452233320274,-0.018024722310334935,1.2465788859795497,0.8935778084344573,0.0
731,-0.0008124253060019008,-0.019323598656311933,-0.004116776579975763,0.34407814358557,0.2737949404862187,0.0
732,-0.04629708114184862,0.008616213350999364,0.018893008011627944,0.9520781941132112,0.44799782305166025,0.0
733,0.055689970388580506,0.037983746867016825,0.008101070957896165,0.5466709918484085,0.2875330725036806,0.0
734,-0.057036584623194324,-0.02559552821816734,-0.004454707052269995,0.6011207232976347,0.1279844360702783,0.0
735,-0.05440516369489137,-0.003776631034556066,-0.01498023332241374,0.8709643471534153,0.31632636000555414,0.0
736,0.04269267131525513,-0.03245593855424017,0.005293768508377339,1.2087550592642076,0.6721663047976819,0.0
737,0.005757359023333989,0.028046392056803326,0.035379669675947197,0.9215021185398399,0.627974762473023,0.0
738,-0.004322577696798731,-0.0752203936563809,-0.03613011757946885,1.5908738487400893,1.189812809858317,0.0
739,-0.10544784225964839,0.020088476401339508,0.011168607368335652,1.9241165995464862,0.8219676537102532,0.0
740,0.04001838215905477,0.05176429503923637,-0.0347660460091422,0.9626013358848562,0.7189995096683972,0.0
741,-0.02810469021205439,0.007741682899627963,-0.01087887016934013,0.6073533813264164,0.29457971745874717,0.0
742,-0.0013155309149638125,0.049758131680553735,-0.016285893432222982,0.9305350054645758,0.7249459534867104,0.0
743,-0.0004608024101798488,0.02587956557279817,0.0034193305531051467,0.4543220291204913,0.3622015313419879,0.0
744,-0.06066040187737533,-0.03231254883931253,-0.024686291023993227,0.8332894033833131,0.41029537663196536,0.0
745,0.040738844194478,0.0076440434860684135,0.0018931437716680857,0.5385837444913145,0.10947479036714787,0.0
746,0.08091208081252695,-0.07016175952095643,-0.00415458197814678,2.4938936902511792,1.4026551676250434,0.0
747,-0.047710396559982556,0.01509771152437098,-0.013630519367762967,1.0112409980451669,0.4889397232441708,0.0
748,0.04982369349181299,-0.008456472561674741,0.04212341968743572,1.360233402043571,0.7201141220446153,0.0
749,0.030299482532854784,-0.02782445651012224,-0.01588262331852336,1.006088841332282,0.5897046722114365,0.0
750,-0.008911931900876626,-0.0002526719790688679,-0.021535343380695734,0.526078360845009,0.3205403164389627,0.0
751,-0.04418075547954572,-0.05893532234621754,0.009155403714497239,0.6661876781283378,0.6391943055778281,0.0
752,-0.010042808775177742,0.020282154815276742,0.036239178419460435,0.973920802083095,0.6243692464813174,0.0
753,-0.035945516074064876,-0.016041274737565565,-0.0007066982130298044,0.3741990922182074,0.06851867500534116,0.0
754,-0.0191168167814665,-0.03115608975630305,0.03520775744740543,0.9125831215680801,0.6298080008605187,0.0
755,0.033821216754561206,0.04214216062098695,0.004161650445348964,0.43672797256410095,0.42036459804868515,0.0
756,-0.046484487462024104,-0.025946575309736295,-0.026284760419076847,0.7675209767108953,0.420611049562286,0.0
757,0.04351677402906301,0.022999496383390834,-0.012033548571094649,0.5126281738963918,0.21290273434392792,0.0
758,-0.08757923731905491,-0.04026363129680761,-0.0010770536601336003,0.9006764456527727,0.17961973155456945,0.0
759,-0.032156666177021814,-0.11085202227527799,-0.005401423213899088,1.6722757899316083,1.453487020652054,0.0
760,-0.03651152566089624,-0.018436611556995282,0.010285828247205236,0.4374535451954521,0.17919481625665104,0.0
761,-0.02057245492382818,0.009611412633518656,0.015944846927905678,0.5962511818145595,0.33208276961607874,0.0
762,0.036245982655749596,0.0620831697618016,-0.005195297451554504,0.6886358517425173,0.6749057895702483,0.0
763,-0.0011456461833475034,0.03826868260510352,-0.010172247088349882,0.7023842530363557,0.5504568735501921,0.0
764,-0.02629941375817478,-0.01711312805795132,0.004034151582245481,0.26114466028442,0.13085437609193942,0.0
765,-0.020574946565890026,0.038474526400215175,-0.016567386827363494,0.9998223795735492,0.6725292791048443,0.0
766,-0.0007652079346261841,-0.07706300821087007,0.040253943612523956,1.717619133872504,1.2588373455281159,0.0
767,-0.007096250084971532,0.019248402698708325,0.0006913063751776382,0.42406476523768255,0.3006227818621739,0.0
768,0.008247432976905732,0.00856563353082323,0.021778322779453376,0.520636176315215,0.32956478115493626,0.0
769,-0.01813320808899801,0.031198085024642615,-0.01207036821427428,0.8221848704417154,0.5466163964923569,0.0
770,0.06497950840937755,0.02380230201952471,-0.017457884561596797,0.8334206015114363,0.2679284279029547,0.0
771,0.05961435563151998,-0.013940639659185822,0.022984600917234116,1.2799940669328116,0.5963188295610935,0.0
772,-0.004406537979598982,-0.0027618365090906686,0.004972891319458483,0.1245638603000313,0.07559937996509633,0.0
773,0.009023744560461545,-0.022240449034283908,0.0085468312058086,0.5549856796367995,0.3782536341220872,0.0
774,-0.03278828631876767,0.023574421896109143,-0.01768985923316263,0.9569942191987926,0.5511919679603662,0.0
775,-0.06684935813246018,0.01854879791555098,0.022057530133955727,1.3976018205251814,0.6726354375245589,0.0
776,-0.07052162411549373,-0.013592484946200814,-0.008529864998384934,0.9430665359463762,0.22128001879285758,0.0
777,-0.03343654175065363,-0.01324195555652511,0.018450348596506228,0.5673041705209062,0.27858288386987984,0.0
778,0.05264508713012658,-0.03375238931921624,-0.024471351787998707,1.5018333943533906,0.8202993761002098,0.0
779,0.0247263795663911,-0.021210271990549805,0.0020368351332625398,0.7321940074896921,0.42031580921621603,0.0
780,-0.08849640547672516,-0.039486411903057385,-0.017401105419324065,1.0079946432974098,0.31175365458806026,0.0
781,0.060490095314256656,-0.024610904893328855,0.011672516217091162,1.3740615563478284,0.6673145831471359,0.0
782,-0.017075696610300388,0.01711975405547694,0.022601406525203035,0.7489851125205451,0.46111461573612567,0.0
783,-0.0549187279697248,0.0788097777552562,0.011973991125141971,2.032277773028832,1.3422117764791697,0.0
784,0.07134994176063557,0.011190648050374143,-0.06329087055920328,1.79200368602683,0.947100164701481,0.0
785,-0.020092112364205526,-0.0005804712189275193,0.011204988211147083,0.4041844378784571,0.19022115113240712,0.0
786,0.08264721972739676,-0.03159784495761018,0.03263534188709759,1.982303269670992,0.9805606263543701,0.0
787,0.011884077922590172,-0.002899457108144204,0.05633978212732827,1.3560654404941792,0.8365251714605842,0.0
788,-0.05337186497872888,0.04277245219818803,0.02996331710841763,1.6115894640302952,0.953358538606121,0.0
789,-0.013704526531728177,-0.041129649291963985,-0.004160703650906279,0.5782904788762325,0.5182624461226135,0.0
790,0.004648902244235822,0.02806202784168568,-0.0020956240603632933,0.42503946758755956,0.36504558100613965,0.0
791,-0.04956619106924943,0.05137819371248091,0.01965520861856963,1.5968072633705375,0.9857121204978967,0.0
792,0.01560353958693271,0.012255637903147838,-0.0012290907468859955,0.14627974301066438,0.09782534608657431,0.0
793,0.04295283380770401,0.009205473996140991,-0.0010407351476050394,0.5521592238211531,0.09942398573128747,0.0
794,-0.015810737802299548,0.012021791843132372,-0.0008206626726784208,0.4313449579586266,0.2446067296929199,0.0
795,-0.003867942413124285,-0.018917985026794495,0.029804049434189805,0.7657482172541497,0.5066890679897759,0.0
796,0.027217947234045727,-0.018654622025626795,0.0075175923497109035,0.7469543761999816,0.41093644675586455,0.0
797,0.012280466945521012,-0.012075433768538226,-0.029803909202307743,0.8084780065292839,0.4969984670637999,0.0
798,-0.04046946513351847,-0.008010640494533853,0.018900973762362362,0.6896341251884262,0.2982184537031352,0.0
799,-0.09046593007622206,-0.02602372802589291,0.021565258879311756,1.1948440107802416,0.3537948779926359,0.0
800,0.027978174037193482,0.010566061658567587,0.005011293554236953,0.3304912515403154,0.0827390931666888,0.0
801,-0.14529179409978174,-0.01829497825392189,-0.00736906586394676,2.019791791249057,0.5106622333008759,0.0
802,0.046999735783397084,-0.01648043317947681,-0.024992330441674704,1.1636009157266223,0.5924712065908777,0.0
803,0.13925423110078752,-0.00012402351798889206,0.023344865520792686,2.284328588213163,0.7753351758111081,0.0
804,-0.0021425855130463543,0.023673344258390926,-0.007152978200713731,0.46286581644914265,0.35265300627862467,0.0
805,0.057177212451141414,0.007303806834448112,-0.014418599979673541,0.868969619232434,0.2844838293587078,0.0
806,0.006148601965492918,0.007393706581736194,0.026300214491948394,0.624547618368934,0.3933534646045497,0.0
807,0.05956894861171679,-0.021776765947584268,-0.014392660086536231,1.3287574498682702,0.6367034127802551,0.0
808,-0.021866324731766834,-0.07395243217228942,0.022319062490761876,1.2088183405263133,1.0100029229134062,0.0
809,-0.02201208407659759,0.006939189146346226,-0.002927901238207751,0.450934971167739,0.21004279537284246,0.0
810,-0.07547793100961558,0.02790699996842688,-0.021536790663935493,1.642226642895241,0.8219270774381638,0.0
811,-0.05770542037042661,0.029792308265334785,0.0027065544119273567,1.3295921014399497,0.6960126728904856,0.0
812,-0.06043250711029017,-0.040183202097874265,0.023823464275697336,0.7945308514585974,0.45624481684498996,0.0
813,0.037719498667394345,-0.012454045445734587,-0.01832377947630462,0.8993727244822337,0.45105640547830944,0.0
814,0.02392622541809435,0.029145936485266574,0.005327557354259387,0.3200615199280388,0.297197520897516,0.0
815,-0.03211771501338361,0.028570495786380205,-0.024484253607958317,1.0910984987117551,0.6570218206767515,0.0
816,-0.036299964088058134,0.05314025648160318,-0.012073700521969336,1.3996149710630308,0.9183645538809913,0.0
817,0.14150796789643547,0.0429487564866513,0.03737926331525561,1.892596103677184,0.5738440823107127,0.0
818,-0.06769420158240619,0.016499093414629375,-0.005759616708779225,1.2914278547885785,0.5719246394373589,0.0
819,0.09367081554283323,-0.016047851960701947,0.008663004970661302,1.7437954524670989,0.7010044919965038,0.0
820,-0.007082413723096929,0.00937152351794744,0.014588137220383894,0.42976819393329646,0.27037702778089634,0.0
821,0.018931615396156936,-0.03454168245869966,0.006856693949432621,0.895237033320182,0.5888788479843843,0.0
822,-0.04959679064541363,-0.01073332163640561,-0.004835797538560394,0.6443886154052978,0.1341541694062269,0.0
823,-0.10835675885104244,0.0015496900155990748,-0.028586238603417243,1.824592714089607,0.7121308967002189,0.0
824,-0.0035253940500742844,0.03517133634464632,0.015922527387598934,0.7396554753388891,0.5509798873567188,0.0
825,0.04430936511594595,0.03255028295143886,-0.020000973897411272,0.6201061926932573,0.37675453148057836,0.0
826,0.04774130239430867,-0.007822214733265833,0.01677507010780123,0.9575809100573405,0.4256766798934359,0.0
827,0.010210896332755001,0.003180672722901164,0.016672152023112875,0.4118809275805383,0.24574937192860477,0.0
828,0.03408227646588043,0.006275247856552671,-0.013803821500994828,0.5567741652770123,0.2215957941076181,0.0
829,0.00439336158563232,-0.04187766961152192,-0.018810765182738602,0.9269410949708337,0.6751614086296702,0.0
830,-0.07628118685994867,-0.02141313534274161,-0.023260503133170615,1.0691170877949074,0.3697576111362465,0.0
831,0.021755285314962645,0.0041129359507693355,0.0628402211015905,1.5154398013458825,0.9247896930717401,0.0
832,0.11816900090655785,-0.031832637974443787,0.01501365253970929,2.4179620230908183,1.0557371483020692,0.0
833,-0.043554580779241694,0.058561068551992695,-0.01467294065975192,1.5914302324008278,1.0313062834664275,0.0
834,-0.044009431309288215,0.008952395725432629,-0.029124533172241614,1.060180391514581,0.5501728665091873,0.0
835,0.054520331362053115,0.04019157448356729,-0.019094450070860615,0.6701601058114426,0.4050380055302525,0.0
836,-0.021061445766140385,0.006935033148459036,0.0037983910557469213,0.4401404948909129,0.20839588036423173,0.0
837,0.053204674956235244,0.016518648506683553,0.006446764561072911,0.6421811523892468,0.12057128805376872,0.0
838,-0.003039214379004073,0.049626792280037704,0.0009424054946836226,0.8709818339506995,0.6923165102615357,0.0
839,-0.04223959786782327,-0.021231974946547244,0.009311967353860324,0.4752499679470151,0.17502153380521435,0.0
840,0.03480409634758949,0.047288783358141746,-0.010849437818834575,0.546776821341101,0.5053096780091885,0.0
841,-0.045810144255528734,0.0010276670826657867,-0.023665135667706283,0.9155537221223675,0.42770035104488713,0.0
842,-0.049791166283323064,0.03862836145783841,0.0047910158104320175,1.3481970331977087,0.7774095482814795,0.0
843,-0.0117743260076589,0.024486466136652684,-0.005588925891383449,0.5896655521675611,0.40334456527425866,0.0
844,-0.05885010351583008,-0.020213360555833493,-0.024997999937158157,0.8919503221891697,0.3813379068996378,0.0
845,0.0851259748692112,-0.002578998001753853,0.047070303884458195,1.7870798968655686,0.8295624922155906,0.0
846,0.002088362590584938,0.02347009577165028,-0.013700798298731087,0.49342899613095104,0.37195229607559305,0.0
847,-0.05276629435033062,0.03723532960554579,0.031732246829668964,1.548669601192719,0.8989002671216386,0.0
848,0.02002051066421579,0.04598965151018687,-0.0331738377120572,0.9505503878252888,0.716827828606555,0.0
849,-0.07726436759472997,-0.012090896566390197,0.0007336314845304616,1.0441308974704497,0.23336390116096928,0.0
850,0.02755965821286373,0.029341380805337488,0.012731218242953493,0.4201627756920316,0.3296372406875036,0.0
851,-0.023208738225070843,-0.07379452352518581,0.027487859445845562,1.2553484787772753,1.0309004053425534,0.0
852,-0.10874836755011628,-0.01808763284174911,-0.027383219057108096,1.5890110894341813,0.5178949349473307,0.0
853,-0.022818160672260827,-0.007065928019631872,0.006453197262118455,0.30787804997578183,0.10098593239806604,0.0
854,0.010122245729226481,-0.011940373373633009,0.03318602228819511,0.865227646462488,0.5367604105197175,0.0
855,0.13271940876920416,0.011987379263808053,-0.01098972202652374,1.9473949187019701,0.52826484816651,0.0
856,-0.03540748409258136,-0.019395981754762346,-0.009065722076459639,0.40445648635040377,0.17354520792238642,0.0
857,-0.02433465966696005,0.01701339300728271,-0.004452105149217533,0.645167460343581,0.360981404367646,0.0
858,0.03544407387764956,0.01070100132355248,0.022761716291467265,0.6822653342193403,0.33726253192187594,0.0
859,-0.04800878926282146,-0.07535230273644342,0.005991902103803781,0.8696987880449906,0.8496543122776129,0.0
860,-0.010385694623696894,0.042054344457438976,-0.020258280220887756,0.9640374834325783,0.6918558365312079,0.0
861,0.04134966095573761,-0.01628487424704229,-0.007457064546853622,0.9221553773033,0.446306533730814,0.0
862,-0.007386274585969046,-0.00628415673102697,0.013055048719097486,0.31674716577050854,0.20011808378254015,0.0
863,-0.008993150622602917,0.00830056938622626,-0.02782200926684127,0.7072201719036756,0.43917055012344014,0.0
864,-0.01936542930281076,0.0030084374975678945,-0.01985640987700644,0.5811437343560644,0.32405852194962576,0.0
865,0.011033306412836697,-0.018308545968467246,0.009882688583163213,0.5309116315771115,0.3435048775912208,0.0
866,0.0434793477170983,-0.007798984016657467,-0.029353891179294527,1.0656190825694847,0.5409687517805799,0.0
867,0.004662850163536473,-0.002082010697771271,0.020047441146519254,0.4861278243901399,0.3002732379116742,0.0
868,0.17240404855913471,0.0009598561007375669,0.03552091780388059,2.8654234493669986,0.990362567086372,0.0
869,-0.09583450201501904,-0.027994602109951486,0.00229172382050298,1.1422502537948618,0.15171722955918815,0.0
870,0.017528595863762677,-0.040827550919823735,0.0057107482650050724,0.9834622092331085,0.6685024418977861,0.0
871,-0.04229649542182491,-0.00956188390117291,-0.011006637208200132,0.5955281449901123,0.18756599014540792,0.0
872,-0.035954704624511516,0.0335199188745492,-0.025677368279710056,1.218661139760572,0.7389839494668664,0.0
873,0.0540637943082145,0.0047807324290491055,0.005434203215265268,0.7942535917508793,0.22270999394237828,0.0
874,0.0650747746651591,0.007321826813729902,-0.02251357205488092,1.0670602876333635,0.40140697819072557,0.0
875,-0.031659616055319896,-0.0077834802247565595,0.015424053494049482,0.5362500213515176,0.2370072402770711,0.0
876,-0.0002145495633644874,-0.031640185289754305,-0.016128171252415488,0.6801236625422432,0.505512171625989,0.0
877,-0.04448831110190346,0.006268645454589284,-0.005486493273507205,0.7926133123134366,0.32009965617638253,0.0
878,0.06643034024431572,-0.0018871922429494685,0.03171151585821161,1.3164637496688223,0.5874772849022304,0.0
879,-0.0040945694328159195,0.01992842746931482,0.023097879584353602,0.6688231019214178,0.4487657796280268,0.0
880,0.012746873805463358,-0.014189455894772059,-0.014976584203515903,0.558520171337569,0.3426124048609324,0.0
881,-0.02632876322462783,0.03493765016326096,-0.03283944153378259,1.2149278063223292,0.7741932088605729,0.0
882,-0.03265506094720785,-0.010698264138009828,-0.012098237010469953,0.4726550374586175,0.1849509764709753,0.0
883,-0.07041343400895492,0.014714607735536227,-0.008239953604411755,1.3143665509559637,0.5683634183055005,0.0
884,0.05153711049737071,0.02587607244050551,0.008518577758782496,0.5526204890968985,0.17725192294872658,0.0
885,0.012883722053711145,-0.05469643554073176,-0.020133919189654126,1.2637480891969382,0.8932136203722925,0.0
886,-0.034015313682868,0.018490247468260806,-0.00779413802951264,0.8245068616086564,0.4385886421463875,0.0
887,-0.04213355410487541,-0.013094243304601754,-0.005137905912575517,0.5080240202263663,0.09703204684748531,0.0
888,0.018022044714143932,0.05167085846880117,-0.000673120029244271,0.6660659974675467,0.6183809205250478,0.0
889,-0.0968454571293696,0.05580384140696722,-0.009490129526727124,2.2872386923969135,1.2451084092902172,0.0
890,-0.006136108956705496,-0.005027996612589597,0.012633723799229056,0.3043560233779857,0.19120101577124587,0.0
891,0.026135718785151692,-0.017493962075236406,0.010189491197791846,0.7305704286374182,0.4031732964432841,0.0
892,-0.0020249655309257588,-0.010616075111597048,-0.009214338850872394,0.2716016782957705,0.1943925492866208,0.0
893,-0.027150425043940773,0.06078804320576926,-0.030146920146123808,1.5280710059170255,1.052398400633263,0.0
894,0.059658440749534386,-0.03491915667138501,0.0018480361388041706,1.5102187563305967,0.7870721398709001,0.0
895,0.08133132763044655,-0.0309907939846555,-0.019081881950536988,1.843701718846201,0.8844264447402267,0.0
896,-0.024367331451917586,-0.029245762412810454,0.010888428034342718,0.3975359800819949,0.33594460505359114,0.0
897,0.010879713432856715,-0.005557017341366011,0.004452020105199058,0.2771612592551141,0.14675819690631495,0.0
898,0.1352148366045636,0.0010574960818930433,0.021393050837852715,2.1922152110120696,0.730660532118998,0.0
899,0.011932959248757253,-0.03723280865507429,-0.01103578824799757,0.869324448832685,0.6068008574548304,0.0
900,-0.04506680997266651,-0.023791074687754266,0.004088246325063981,0.4519329972456026,0.1414805497685928,0.0
901,0.014647024503536905,-0.009500838557404127,-4.8791379382771523e-05,0.37866515772564596,0.20488383747591749,0.0
902,0.01903223435493468,0.009999812875364535,0.001636701850828996,0.19100120409674742,0.0577087695464806,0.0
903,-0.003704103302610942,-0.018900369534609364,-0.01789203478672633,0.5140754112719129,0.362758445197052,0.0
904,-0.0457833568128127,0.047804470373820344,-0.03680797216498593,1.655214481154092,1.0273464382352013,0.0
905,-0.09655422649186346,-0.046528298946975036,0.02447896342799562,1.13588697278167,0.432100680077942,0.0
906,-0.05227036132573637,-0.028981765464540055,-0.008750470951302958,0.5447070708576529,0.21151598135930183,0.0
907,0.005884527777720593,-0.01262220449625236,-0.032024163103799685,0.8200267518776981,0.5167535307952181,0.0
908,-0.0013260525096272147,-0.012428804842764063,0.009382066979520908,0.3003163816250926,0.21751396925659663,0.0
909,0.0581540957060733,0.013758614921742882,0.019851247540146756,0.8698227617547287,0.31304444533559583,0.0
910,0.04122153606235087,-0.043023452627276366,0.022421412410127864,1.4731163439226092,0.8777534401314039,0.0
911,0.040051744715078996,-0.009138371876894834,-0.027442831993923826,1.010767524790593,0.5198829280615855,0.0
912,-0.03446004053710427,0.03353907768947685,0.01086863879631787,1.0730661789617264,0.6493789596077345,0.0
913,0.03703465179578411,-0.005895155938921114,0.0038235910034948375,0.6765880118828114,0.2724708242828879,0.0
914,-0.03177120149841198,0.011732600401333636,-0.006215190802034704,0.6830734876341394,0.3328419933973667,0.0
915,-0.08369098746066378,-0.02890528592456657,0.014064975720739644,1.005406751257948,0.23805801035657437,0.0
916,0.023376352452219817,0.01888677100703184,0.017959180797009283,0.4742989989415553,0.30257100207135984,0.0
917,-0.006636867483528999,-0.004962994120615306,-0.017861908235110323,0.42701748577057547,0.26674390404917026,0.0
918,-0.04847422637968434,-0.04359603257195181,-0.031264368319422496,0.8818372217111734,0.6074669121449858,0.0
919,-0.010419174857496494,0.006957329914641953,-0.00260279402846965,0.2761920738874429,0.1527704704414113,0.0
920,0.011368177369199033,0.00673164966228242,-0.0038282664737484123,0.14050497303015963,0.06958509237353469,0.0
921,0.03517763238338183,0.027449410258239135,-0.06453530775924812,1.5486361590025914,0.9622642277444658,0.0
922,-0.037136863408215974,-0.009170126955243926,0.036439970207650954,0.9754156652864377,0.5457706777861151,0.0
923,0.08576408489230464,-0.051334959190896715,0.017516022001744586,2.257969173207012,1.180389895614647,0.0
924,-0.12856805354102133,0.0034202690338007978,-0.022692068321054096,2.1002031160487578,0.77714755904399,0.0
925,0.0008823314327264848,0.017475288886382535,0.016054030412698716,0.47432952809048196,0.334006084337454,0.0
926,0.07230064454259612,-0.023271503681956122,-0.0092496957620201,1.5257329682509981,0.6978231538105863,0.0
927,-0.045745721812804035,0.052086873671254696,-0.030181945641041954,1.6408268766560896,1.0315723571827826,0.0
928,-0.017643119366366082,0.022956846437306066,-0.012806224128455232,0.700093956759358,0.4444653952622054,0.0
929,0.016002951739658062,0.008337128372411974,0.03353774384595847,0.8072563452313034,0.4941323495836942,0.0
930,-0.08033331246294008,0.023458911942516647,0.02323348466078945,1.6634399979699623,0.8000110884357814,0.0
931,0.11036201689667416,-0.017651322220740964,-0.0002209344623487743,2.025229278787265,0.7944301856858648,0.0
932,-0.08558676220054665,-0.008123850051778608,0.009531866093908823,1.2429734740506564,0.3559283724729348,0.0
933,-0.04008270563027516,0.022660762316867332,0.015752349948658612,1.0259952761061253,0.5602349058993149,0.0
934,-0.022925294538834767,-0.017128536780660585,-0.014149734597890597,0.39583021155736514,0.24804957679756867,0.0
935,0.049354786856953804,-0.0016621332818616721,0.020811996829144756,0.942775744101122,0.40816159090733695,0.0
936,0.026487751850540905,-0.017048443707617912,0.04701664809149082,1.3190456192855793,0.7879569428733934,0.0
937,0.0346649640602601,-0.0026857418227916032,-0.00347963465217771,0.5901477828276344,0.216866120634599,0.0
938,-0.01640504067775375,0.012508199123332231,-0.017615791218778168,0.6086354048884575,0.36263097859971927,0.0
939,0.027927846323899677,-0.07025160427502951,-0.027899986773161235,1.8138979458385138,1.216708221903892,0.0
940,-0.024091045148271574,0.06969686442689056,0.0002284071286033593,1.4608198916445865,1.0609683972567472,0.0
941,-0.0765345020108014,0.024012358784163173,-0.022532051250294706,1.6116332107315114,0.7849460175407289,0.0
942,0.022045210985796797,0.032009716796196346,-0.022833949532690228,0.6306046136820991,0.47124761995718345,0.0
943,-0.03343470983331423,0.019971366304924316,0.03178949806715946,1.102902263753879,0.6416925672290008,0.0
944,-0.022139628141682216,0.04972279476424222,-0.01094206652890601,1.1512306092218274,0.8023097739583668,0.0
945,0.018490015436703696,-0.011039520084157015,0.0014413187314896631,0.4642956290850016,0.24638218213816349,0.0
946,-0.008699453526048798,-0.04401341046251407,0.0287870144375599,0.9712494292028394,0.7234068038389289,0.0
947,0.09113361319567798,-0.016240345577775008,0.045591434547502176,2.022124066561763,0.9547051127970838,0.0
948,0.03244298374123533,0.05800604257494209,-0.02100861095701274,0.8065916152113733,0.7027508421270149,0.0
949,-0.123139369129171,-0.024758635583651458,-0.04006043169761397,1.8492888666774923,0.6758723805572571,0.0
950,-0.04621326393969051,0.023136424411689588,0.014788594251514915,1.1116169030896859,0.588885799023183,0.0
951,-0.02401036091657198,-0.01308942131022081,-0.02423377738268802,0.6193801076331215,0.3672043383041002,0.0
952,0.11789873542940284,0.027113188900750113,-0.03481457113089975,1.708756983190418,0.560488189345592,0.0
953,0.014470959093828992,0.02269081649175464,0.03097898597985001,0.7662807358457795,0.5136517692909849,0.0
954,-0.07911286485629178,-0.012890170817493754,-0.000978904750560297,1.0627875156818778,0.23277814380486278,0.0
955,-0.011066121806357422,-0.013882597946667399,-0.009142217751539582,0.2600728219604526,0.19559600114418452,0.0
956,0.024681201972037613,-0.004791839835770372,-0.0007733972948082362,0.45942764156708055,0.18991929087991088,0.0
957,0.05111280886285705,0.013401400814707164,-0.011665013877810824,0.6853595365250224,0.19323792475087517,0.0
958,-0.06822742846710023,-0.007569681574979142,-0.013310896542233407,1.010975885878177,0.3153902662220262,0.0
959,-0.00020856589811495943,0.021045949225306036,-0.004244516236817104,0.37617913351067034,0.29800974247930967,0.0
960,0.04433092090275968,0.07460726929585111,-0.022159294247620483,0.9527530378222746,0.8585752092333353,0.0
961,-0.11929239028550953,0.011146487610025584,0.006668480348526747,2.001290984845451,0.7623034077243802,0.0
962,-0.10122120347819435,-0.05075452840042303,-0.0448124972995486,1.467482041729994,0.7268743882627041,0.0
963,0.13005660086653664,0.001704223648774509,-0.001792210695721693,2.0379748333432155,0.6272539171674786,0.0
964,-0.006531243767065326,0.013681892969128449,0.01628498372821555,0.5001836145344274,0.32571448857518204,0.0
965,0.06507918808292484,0.010387007580690527,0.0032013291833090734,0.8848301794857767,0.1966191523399734,0.0
966,-0.028790459832724897,-0.03979847095811115,-0.0084216550235813,0.4709134348600482,0.4412085974663094,0.0
967,-0.03019384549987891,0.01212240492130917,-0.025230510836098653,0.8770010173234526,0.488475024197049,0.0
968,-0.0053873251348154445,0.04877742479479218,-0.0259285491414314,1.0693364964401342,0.7874018567636654,0.0
969,-0.03057418508498605,-0.02508150169081672,-0.009961839868708312,0.36937350694562315,0.25451784923334253,0.0
970,0.02203114892678965,-0.01456526135520768,0.010097260966639154,0.624719634184376,0.3462906149128319,0.0
971,0.02768066400381768,-0.03209427282361334,-0.037559494901308325,1.3251477571380013,0.8115503511642678,0.0
972,-0.0038260913646004646,0.06321877400298674,0.023250705263806144,1.2207618638804116,0.9387155027410496,0.0
973,-0.13873004622042712,0.00315450221533219,0.012011979651248998,2.202841473263838,0.7695960706055888,0.0
974,0.008248017389998983,-0.014857924140253264,0.022697410917761257,0.65830987587754,0.41808846414552636,0.0
975,0.0077397064954408835,-0.023548625467602082,-0.025517184677759035,0.8030996751350431,0.5288985799287435,0.0
976,0.028961896485809074,0.016077987166710633,0.006407194802361249,0.3178097207560991,0.13008470923877646,0.0
977,-0.014199231551145067,-0.04919665612558196,-0.013796849008047639,0.7837444325218252,0.66154552640783,0.0
978,-0.030354837352285776,-0.027118882993727153,0.01090124395543021,0.38966609800512203,0.2867096759812957,0.0
979,-0.004090146517893705,0.017123089072796825,-0.03137499485713593,0.8126370621374013,0.5265042935728366,0.0
980,0.03693459554120875,0.017564297587129747,-0.03474061729792468,0.9016304287340507,0.5134431046600777,0.0
981,0.032859562411338306,-0.011584068319008795,0.027222288059589612,0.952224871916598,0.516658071321265,0.0
982,-0.05500808895403452,0.062079413952011005,0.015088001271313014,1.8019412042520793,1.1333976271529236,0.0
983,-0.025025053452163173,-0.016297486419625647,-0.005849749496603978,0.26962066345716174,0.1408572036847502,0.0
984,-0.07109285735114346,-0.031080718979087294,0.029103548357002598,1.014708856668895,0.4554914230970745,0.0
985,0.026178275513436162,-0.005702386439389854,-0.016021282559803972,0.6263150266765447,0.31581253890507704,0.0
986,-0.02251885973908234,-0.024656927813968308,-0.00020813395616113526,0.2513742231410244,0.23797471487371982,0.0
987,-0.08771736850506474,0.00621794074034202,0.012610272857134374,1.4759569398150167,0.5605566912459629,0.0
988,0.028649856856857808,-0.04434631779580547,-0.017474248957699903,1.2749503688875714,0.8116199634373156,0.0
989,0.07275416285716854,0.0016038127797006094,0.03290779595935624,1.3728143865480227,0.5916186755780126,0.0
990,-0.07710293339112939,0.02629838624344013,0.005628798243397708,1.572413812218053,0.7498109105174877,0.0
991,0.028774253405342617,-0.020504629665198282,0.008580715665529707,0.8070355620539948,0.4477696062904658,0.0
992,-0.029001475596355304,0.03917243482992402,-0.019204509394776224,1.1422908814149044,0.7340075667617493,0.0
993,-0.04164315237009764,-0.047216094644212864,-0.014139357596472071,0.5919859872847758,0.5137687188775734,0.0
994,0.048066389315599534,-0.006081489176597113,0.010799448874473355,0.8860057280100186,0.361164356944746,0.0
995,0.06147014607180902,0.002265148472836014,0.013630831983648145,0.9909694960530447,0.3424730988923507,0.0
996,0.08721579017443871,-0.0013939871107824483,-0.025812031970846104,1.5301207005606356,0.592062720162756,0.0
997,-0.022610998437295957,0.026745950036346257,0.03129173089167042,1.0555891376624948,0.6624698047445111,0.0
998,-0.04818838960320236,0.01954860370905417,0.010880619865673352,1.0638874872159831,0.5332353048212103,0.0
999,-0.0452374360877379,-0.04500050286788608,-0.009133691938147608,0.513982396284625,0.440923198928625,0.0
